block,feature,family,endgame,middle,opening,swing
window,max_mimicry_bert,Semantic dynamics,0.03224493901784054,0.10325933127017907,0.7117505902935652,-0.6795056512757247
pre,max_mimicry_bert,Semantic dynamics,-0.42055475411366816,-0.4178007380717889,0.2572039146496074,-0.6777586687632755
pre,max_certainty_lexical_wordcount,Lexical (LIWC),-0.36981033005711883,-0.279164030049911,0.272733466008064,-0.6425437960651827
window,max_certainty_lexical_wordcount,Lexical (LIWC),-0.07343599301385004,0.07756701684065662,0.5630773458722568,-0.6365133388861068
pre,max_user_min_certainty_lexical_wordcount,Lexical (LIWC),-0.21079239539756003,-0.12733644584337983,0.40988364100915303,-0.6206760364067131
post,max_mimicry_bert,Semantic dynamics,-0.17307941792422915,-0.06958152313013764,0.42172637793845136,-0.5948057958626805
window,max_user_min_certainty_lexical_wordcount,Lexical (LIWC),-0.15184777272449745,-0.02802219335802157,0.4247413151440106,-0.576589087868508
window,min_positivity_zscore_conversation,Sentiment & emotion,0.11127147005112777,0.06250981925924182,-0.42326093017356753,0.5345324002246953
post,max_certainty_lexical_wordcount,Lexical (LIWC),-0.2161255856862685,-0.04081565325503182,0.2936818155111189,-0.5098074011973874
window,min_info_exchange_zscore_conversation,Semantic dynamics,-0.11820605598512184,-0.09439299367302476,0.3872703330045088,-0.5054763889896307
post,max_time_diff,Participation & timing,-0.12027918556066657,0.03449092995003314,0.3622028157856492,-0.4824820013463158
post,mean_user_max_verbs_lexical_wordcount,Lexical (LIWC),0.15582271124260738,0.03985550141420752,-0.3194271528212111,0.4752498640638185
pre,gini_coefficient_sum_num_chars,Participation & timing,-0.40041997572156807,-0.44641819124934284,0.07261497843505046,-0.47303495415661856
window,mean_user_max_verbs_lexical_wordcount,Lexical (LIWC),0.11717752643661784,0.1481512771187691,-0.33615238888800436,0.4533299153246222
window,max_past_tense_lexical_wordcount,Lexical (LIWC),0.2730818524792554,0.17162871016005743,-0.17613706154887362,0.4492189140281291
pre,max_user_min_function_word_accommodation,Semantic dynamics,-0.18765323843061535,-0.12351634306589591,0.24673497854863222,-0.43438821697924757
window,mean_user_max_textblob_subjectivity,Sentiment & emotion,0.2035346298003258,0.13283614620700204,-0.23034394769790487,0.43387857749823067
post,variance_in_DD,Semantic dynamics,-0.15514027648905324,-0.036590922562308725,0.27481674778171744,-0.42995702427077065
window,gini_coefficient_sum_num_chars,Participation & timing,0.061960359823384596,0.14229404037793109,0.491701507239626,-0.4297411474162414
pre,min_user_max_textblob_subjectivity,Sentiment & emotion,0.27204111449267393,0.18215159154117763,-0.15491774981201695,0.4269588643046909
pre,min_textblob_subjectivity,Sentiment & emotion,0.33296751425668375,0.21193808605595077,-0.08809538393157974,0.4210628981882635
post,mean_user_max_present_tense_lexical_wordcount,Lexical (LIWC),0.09128810204688127,0.041463482746373535,-0.32717996482808304,0.4184680668749643
post,gini_coefficient_sum_num_chars,Participation & timing,-0.1265072246340226,0.02397262688858266,0.29055835179012,-0.41706557642414266
post,min_positivity_zscore_conversation,Sentiment & emotion,0.13849398627818513,0.06739088947416642,-0.27816829663251846,0.4166622829107036
post,max_user_min_certainty_lexical_wordcount,Lexical (LIWC),-0.1703374774780761,-0.036219340504537616,0.246011052776613,-0.4163485302546891
window,max_negative_bert,Sentiment & emotion,0.11933731196364866,0.270051499017507,-0.2702833820019771,0.38962069396562576
post,max_past_tense_lexical_wordcount,Lexical (LIWC),0.20241635536035366,0.048856348656853565,-0.18719469969670682,0.3896110550570605
post,min_user_max_num_chars,Volume & form,0.06901927132143525,0.018188278605409093,-0.30828753651529,0.37730680783672527
window,mean_user_max_num_chars,Volume & form,0.0604739616982148,0.14471459556957414,-0.3055233863655535,0.36599734806376827
post,min_user_max_verbs_lexical_wordcount,Lexical (LIWC),0.15288393254481647,-0.027457194637034377,-0.2127715147897657,0.36565544733458216
window,max_info_exchange_zscore_conversation,Semantic dynamics,0.04268607780686447,0.1589177175510083,0.40756235172770716,-0.3648762739208427
post,mean_user_max_num_chars,Volume & form,0.08044817558809848,0.07306158674541909,-0.28400535610624755,0.364453531694346
window,stdev_user_max_negative_bert,Sentiment & emotion,0.15395676812733022,0.25955854642763443,-0.2048881726369241,0.3588449407642543
window,mean_user_max_present_tense_lexical_wordcount,Lexical (LIWC),0.06604164347688325,0.1487002234519099,-0.286369447492866,0.35241109096974926
pre,mean_user_max_textblob_subjectivity,Sentiment & emotion,-0.09584247514997125,-0.12203266167022693,-0.4445320854135335,0.34868961026356227
pre,min_positivity_zscore_conversation,Sentiment & emotion,0.05359210831560917,0.06677204351590249,-0.29375415481754136,0.34734626313315053
pre,within_person_disc_range,Semantic dynamics,-0.4859767558243014,-0.478407292898621,-0.14599691431776413,-0.33997984150653726
pre,min_user_max_negative_bert,Sentiment & emotion,0.12951348713929686,0.2036487848500256,-0.20274348096758346,0.3322569681068803
pre,max_function_word_accommodation,Semantic dynamics,-0.29292539740581963,-0.26970783197059933,0.030735232200508035,-0.3236606296063277
pre,min_negative_bert,Sentiment & emotion,0.21701660023646144,0.26574707126845054,-0.1060233689274385,0.32303996916389993
post,max_user_max_verbs_lexical_wordcount,Lexical (LIWC),0.1211635227728662,0.04202505181789468,-0.19825036675638355,0.31941388952924976
window,min_user_max_num_chars,Volume & form,-0.05051150256484159,-0.027343119747907346,-0.36608709617328417,0.31557559360844256
window,variance_in_DD,Semantic dynamics,-0.03247705136188796,0.00757041603417772,0.27943543388802905,-0.311912485249917
pre,sum_num_messages,Volume & form,-0.5132431004674973,-0.5181587488815058,-0.2034515233123164,-0.3097915771551809
window,max_user_min_num_all_caps,Volume & form,0.006300835585662671,-0.05475837467235138,0.31209012059589697,-0.3057892850102343
window,max_user_max_verbs_lexical_wordcount,Lexical (LIWC),0.19295283408527603,0.21069861099441747,-0.11255235042052927,0.3055051845058053
post,min_user_min_verbs_lexical_wordcount,Lexical (LIWC),0.12818797958546455,-0.04106682696216123,-0.17653229773961446,0.304720277325079
window,max_user_min_function_word_accommodation,Semantic dynamics,-0.006351736011167919,-0.008968751016809494,0.2967630038762171,-0.303114739887385
post,min_num_chars,Volume & form,0.06502322901157856,-0.01427299369789153,-0.23714935338169157,0.30217258239327016
post,min_user_max_nltk_english_stopwords_lexical_wordcount,Lexical (LIWC),0.04776838267933503,-0.022057770195572923,-0.2541111685391356,0.30187955121847065
post,min_nltk_english_stopwords_lexical_wordcount,Lexical (LIWC),0.07344852934940849,-0.04951997654868231,-0.22048651731636362,0.2939350466657721
window,max_num_all_caps,Volume & form,0.05150680419502613,0.010848232872182603,0.3443255651687355,-0.2928187609737094
pre,min_info_exchange_zscore_conversation,Semantic dynamics,0.03850875010913695,0.01144847244805863,0.32686594440982697,-0.28835719430069
window,max_function_word_accommodation,Semantic dynamics,0.05718779047281305,0.10471499441979895,0.3432729571467813,-0.28608516667396827
window,min_user_max_textblob_subjectivity,Sentiment & emotion,0.0951409592195797,-0.07201049300620864,-0.18820880663419978,0.28334976585377947
pre,max_cognitive_mech_lexical_wordcount,Lexical (LIWC),-0.38972081733202296,-0.2216617223170479,-0.10815083677739776,-0.28156998055462523
window,stdev_user_min_positive_words_lexical_wordcount,Lexical (LIWC),0.11402006615825637,0.08225439689442883,-0.16746168472829215,0.28148175088654853
pre,max_info_exchange_zscore_conversation,Semantic dynamics,-0.2520389568805659,-0.33205514400024105,0.02501931556650615,-0.27705827244707204
post,min_info_exchange_zscore_conversation,Semantic dynamics,-0.08515956302671909,-0.09650102383865966,0.18961804361282492,-0.274777606639544
pre,variance_in_DD,Semantic dynamics,-0.1180849664804667,-0.11370393097462339,0.15567057177744129,-0.273755538257908
post,within_person_disc_range,Semantic dynamics,-0.0833739633803709,0.08745446108059399,0.18938719861421643,-0.27276116199458733
window,max_time_diff,Participation & timing,0.23401070249906433,0.3544558666241134,0.5037316278893387,-0.26972092539027437
pre,stdev_user_max_cognitive_mech_lexical_wordcount,Lexical (LIWC),-0.4195781131872029,-0.2739702014808506,-0.14995000407020861,-0.2696281091169943
pre,turn_taking_index,Participation & timing,-0.3146713120649753,-0.35054810829553074,-0.047029246173594774,-0.2676420658913805
window,max_user_min_positive_words_lexical_wordcount,Lexical (LIWC),0.1011144858360866,0.057683847593614584,-0.1651330114336875,0.2662474972697741
pre,max_num_all_caps,Volume & form,-0.11568076638983228,-0.20329143317348822,0.148709097634108,-0.26438986402394027
post,max_user_min_content_word_accommodation_per_conv,Semantic dynamics,-0.11426490853010612,0.01220932164168221,0.14887798799601298,-0.2631428965261191
post,max_user_min_function_word_accommodation,Semantic dynamics,-0.05221522002745782,-0.04672174507195033,0.20375708264529493,-0.2559723026727527
window,mean_user_mean_info_exchange_zscore_conversation,Semantic dynamics,0.03797485804702548,0.03094574493001482,-0.21738842688392077,0.25536328493094623
window,stdev_user_min_info_exchange_zscore_conversation,Semantic dynamics,0.030963407858087988,-0.057590055131939266,-0.22330330235496523,0.25426671021305325
pre,max_user_min_num_all_caps,Volume & form,-0.03195840782598565,-0.1256173286145264,0.22221531883906553,-0.25417372666505117
post,mean_user_max_textblob_subjectivity,Sentiment & emotion,0.1524738992935872,0.06584666270140034,-0.0982469089865877,0.2507208082801749
window,sum_num_messages,Volume & form,0.14152288284276138,0.3205243148975453,0.3915496230050449,-0.25002674016228355
pre,max_user_min_info_exchange_zscore_conversation,Semantic dynamics,-0.05891980747920077,-0.08057669372422424,0.18958151133820342,-0.24850131881740417
pre,min_user_max_num_chars,Volume & form,0.10410297813338487,0.28052674043924813,-0.14007765238186493,0.2441806305152498
window,max_textblob_subjectivity,Sentiment & emotion,0.21599333376837138,0.218476888798427,-0.027677170119923333,0.2436705038882947
window,min_textblob_subjectivity,Sentiment & emotion,0.08146935099135401,-0.10849591945291741,-0.16186666387280985,0.24333601486416384
post,min_textblob_subjectivity,Sentiment & emotion,0.14344321667008242,-0.06342237197034153,-0.09673069897892476,0.2401739156490072
window,stdev_user_max_verbs_lexical_wordcount,Lexical (LIWC),0.2015149068526596,0.20413269696621195,-0.038443675624278896,0.2399585824769385
window,min_user_max_time_diff,Participation & timing,-0.032035191743114574,0.1297302770782122,0.20438443435601394,-0.23641962609912853
window,discursive_diversity,Semantic dynamics,0.1398918571082618,0.17451274858233867,-0.09618514538168835,0.23607700248995014
window,stdev_user_min_forward_flow,Semantic dynamics,0.1136965463486883,0.10515175470624977,-0.12168874946694395,0.23538529581563225
post,min_user_max_negative_bert,Sentiment & emotion,0.029044321326782287,0.03837583136549035,-0.20603851463827375,0.23508283596505603
pre,max_negative_bert,Sentiment & emotion,-0.3342710438193676,-0.26698420380303234,-0.5688232534406354,0.23455220962126783
post,min_user_max_textblob_subjectivity,Sentiment & emotion,0.13964319373323053,-0.04874280038334132,-0.09477218033757577,0.23441537407080631
pre,min_user_max_textblob_polarity,Sentiment & emotion,0.2985025790137497,0.1495935094938306,0.06565688367074166,0.23284569534300806
pre,max_user_min_positivity_zscore_conversation,Sentiment & emotion,-0.00044684671629027464,-0.06376123496305137,0.23225975785543973,-0.23270660457173
window,min_user_max_verbs_lexical_wordcount,Lexical (LIWC),-0.018006585797118835,-0.0474484631296823,-0.2481575258221446,0.23015094002502576
post,turn_taking_index,Participation & timing,-0.023720850398125368,0.05916812458492135,0.2063523557889437,-0.23007320618706906
window,min_user_max_negative_bert,Sentiment & emotion,-0.06852042709848816,-0.009626766533204302,-0.29821698254139334,0.22969655544290518
pre,max_user_min_word_TTR,Volume & form,0.07431901638989834,-0.06078234986796696,-0.1542649911329606,0.22858400752285896
pre,max_user_min_certainty_rocklage,Sentiment & emotion,-0.13953819838475032,-0.10262616650817677,0.08840537641111047,-0.2279435747958608
pre,min_user_max_neutral_bert,Sentiment & emotion,0.22825288983823017,0.327485230172183,0.002648843838926817,0.22560404599930334
post,max_info_exchange_zscore_conversation,Semantic dynamics,-0.11745419738901708,-0.02413544255264991,0.10764856467576835,-0.2251027620647854
window,max_auxiliary_verbs_lexical_wordcount,Lexical (LIWC),0.13443408208688987,0.20896719898182173,-0.08972402814375756,0.2241581102306474
post,max_function_word_accommodation,Semantic dynamics,-0.05596261615975696,-0.01603025669255638,0.16787686683080474,-0.2238394829905617
window,stdev_user_min_Positive_Emotion_receptiveness_yeomans,Receptiveness,0.12346370657380296,0.0645216939371991,-0.0981329422980699,0.22159664887187286
post,team_burstiness,Participation & timing,-0.10427021209940734,0.0031333252886067975,0.11594150915952102,-0.22021172125892835
window,max_first_person_singular_lexical_wordcount,Lexical (LIWC),0.14111707036735818,0.17742658623063592,-0.0783776527772645,0.21949472314462268
pre,max_relative_lexical_wordcount,Lexical (LIWC),-0.38778920476949563,-0.23626314063251266,-0.16844347311474867,-0.21934573165474697
pre,max_neutral_bert,Sentiment & emotion,-0.3486985641778866,-0.16699274045539167,-0.12974525739171883,-0.21895330678616776
window,mean_user_min_forward_flow,Semantic dynamics,0.16728593434575972,0.21890645114574891,-0.049238435023788205,0.21652436936954794
pre,max_inclusive_lexical_wordcount,Lexical (LIWC),-0.3574188893985336,-0.24290560367197356,-0.14135666448253703,-0.21606222491599658
pre,stdev_user_max_num_chars,Volume & form,-0.3730011072199484,-0.3036664671240112,-0.15723743248447372,-0.21576367473547467
post,min_user_max_mimicry_bert,Semantic dynamics,-0.14038411229415412,0.0340912114849612,0.07509306639417775,-0.21547717868833188
window,stdev_user_min_adverbs_lexical_wordcount,Lexical (LIWC),0.06131438049281976,0.07934942653988189,-0.1532681975914781,0.21458257808429787
window,stdev_user_max_auxiliary_verbs_lexical_wordcount,Lexical (LIWC),0.15198734568935904,0.20528388069832992,-0.06135559677401212,0.21334294246337115
pre,max_user_min_inclusive_lexical_wordcount,Lexical (LIWC),-0.20325832418284978,-0.07068102937826845,0.009830152013832819,-0.21308847619668259
window,max_user_min_conjunction_lexical_wordcount,Lexical (LIWC),0.07396584218806608,0.06133995948109907,-0.13903811281684986,0.21300395500491592
post,max_present_tense_lexical_wordcount,Lexical (LIWC),0.029990198393833083,0.056571403664695936,-0.18234118884270545,0.21233138723653852
post,min_user_max_social_lexical_wordcount,Lexical (LIWC),0.038679085919735484,-0.04986404044804274,-0.1718230389263649,0.2105021248461004
window,max_user_max_word_TTR,Volume & form,0.031847593826558135,0.0595187284146316,-0.17761984582808543,0.20946743965464357
pre,min_num_chars,Volume & form,0.2050246173727465,0.35582012888719206,-0.0019969813856662573,0.20702159875841275
window,max_adverbs_lexical_wordcount,Lexical (LIWC),0.11790424871242272,0.23018641540324486,-0.08864885981995146,0.20655310853237419
window,stdev_user_max_preposition_lexical_wordcount,Lexical (LIWC),0.1597953222054446,0.2054275366691528,-0.04642733429735425,0.20622265650279886
pre,max_user_min_neutral_bert,Sentiment & emotion,-0.20580270363898967,-0.03650757355041534,-0.002643122370919294,-0.20315958126807038
post,min_user_max_auxiliary_verbs_lexical_wordcount,Lexical (LIWC),0.06126863867545321,-0.008133545515233475,-0.14063764802090833,0.20190628669636154
pre,stdev_user_min_neutral_bert,Sentiment & emotion,-0.38611185729165637,-0.3506335994994536,-0.184901147215899,-0.20121071007575736
window,max_user_min_word_TTR,Volume & form,0.04715235458664694,0.06006704920254621,-0.1530635293441775,0.20021588393082443
window,max_present_tense_lexical_wordcount,Lexical (LIWC),0.11681987221221138,0.21990125949870412,-0.08334453346016447,0.20016440567237587
pre,max_Impersonal_Pronoun_receptiveness_yeomans,Receptiveness,-0.34680300972913425,-0.25321050926004446,-0.147288800704786,-0.19951420902434824
window,stdev_user_max_positivity_zscore_conversation,Sentiment & emotion,0.10683988466503412,0.05316981303376293,-0.09189623593089337,0.1987361205959275
window,stdev_user_max_adverbs_lexical_wordcount,Lexical (LIWC),0.11601108012443653,0.23734660248199702,-0.08264291516817666,0.19865399529261318
window,min_certainty_rocklage,Sentiment & emotion,-0.11186178382659957,-0.14336959937305693,0.08589960015370053,-0.1977613839803001
window,stdev_user_max_positive_words_lexical_wordcount,Lexical (LIWC),0.13677607531936245,0.24741766880663,-0.06010094589250638,0.19687702121186884
post,max_adverbs_lexical_wordcount,Lexical (LIWC),0.022391965113174973,0.09721061631771362,-0.1726175160035752,0.19500948111675018
pre,max_forward_flow,Semantic dynamics,-0.41231385099411044,-0.3604592578737334,-0.21777265465807544,-0.194541196336035
pre,stdev_user_max_textblob_subjectivity,Sentiment & emotion,-0.4578053880549803,-0.3990911712289202,-0.2638694860716429,-0.19393590198333738
post,max_negative_bert,Sentiment & emotion,0.01955217649821616,0.18127613272854798,-0.17402825627773968,0.19358043277595585
post,stdev_user_max_adverbs_lexical_wordcount,Lexical (LIWC),0.04874696205360197,0.09985116673417264,-0.14426761553105089,0.19301457758465285
post,max_first_person_singular_lexical_wordcount,Lexical (LIWC),0.03493878442094767,0.05239812450995945,-0.1565389249278264,0.19147770934877406
pre,min_user_max_word_TTR,Volume & form,0.10134358384117167,0.03522783396842727,-0.0892443205731472,0.1905879044143189
post,min_cognitive_mech_lexical_wordcount,Lexical (LIWC),0.019825589549576146,-0.04289516360131189,-0.16962340368285617,0.1894489932324323
window,stdev_user_max_present_tense_lexical_wordcount,Lexical (LIWC),0.14277013096610522,0.22508703717342915,-0.04432222551329328,0.1870923564793985
window,stdev_user_max_Positive_Emotion_receptiveness_yeomans,Receptiveness,0.1605576334262714,0.22461676735273936,-0.021370522429926198,0.18192815585619762
post,sum_num_messages,Volume & form,-0.12122013945031854,0.026914179751056814,0.05889802357886504,-0.18011816302918357
pre,max_certainty_rocklage,Sentiment & emotion,-0.2718896303738292,-0.28872378853843333,-0.09214343862386432,-0.17974619174996487
window,min_num_chars,Volume & form,-0.11394262532071178,-0.11247991177557683,-0.2932459884637704,0.17930336314305864
pre,mean_user_max_textblob_polarity,Sentiment & emotion,-0.03910028942426433,-0.11230505120288661,-0.21778602450131998,0.17868573507705565
window,max_user_min_positivity_zscore_conversation,Sentiment & emotion,-0.02899593193394938,-0.06605144533323794,0.14883155203820891,-0.1778274839721583
window,max_user_min_content_word_accommodation_per_conv,Semantic dynamics,-0.034850909756932606,0.042431536701261416,0.1417122595835638,-0.1765631693404964
window,max_user_min_textblob_subjectivity,Sentiment & emotion,0.10173496838059219,0.0861663726603161,-0.07425751921740104,0.17599248759799324
post,mean_user_max_info_exchange_zscore_conversation,Semantic dynamics,-0.01783974586990234,0.04211774020979841,-0.19334830522834004,0.1755085593584377
post,max_auxiliary_verbs_lexical_wordcount,Lexical (LIWC),0.05922893189469114,0.07404465675267327,-0.11620121301982209,0.17543014491451323
post,min_negative_bert,Sentiment & emotion,0.01768374096609538,0.006600760649392328,-0.1574620604170714,0.17514580138316677
window,max_user_min_first_pronouns_proportion,Semantic dynamics,0.0365405211447217,-0.0101872381673028,0.2116476892965748,-0.1751071681518531
window,min_user_max_nltk_english_stopwords_lexical_wordcount,Lexical (LIWC),-0.06514930746328493,-0.05080161669700844,-0.23894937386576157,0.17380006640247664
post,max_num_all_caps,Volume & form,-0.011961476814803342,-0.0335098317995993,0.16147155322242013,-0.17343303003722346
post,stdev_user_max_verbs_lexical_wordcount,Lexical (LIWC),0.0595613382922136,0.04838273981932147,-0.11284538799007188,0.17240672628228548
post,min_user_max_positivity_zscore_conversation,Sentiment & emotion,-0.06149018374445377,0.0645450008313301,-0.23285060513311595,0.17136042138866217
window,max_cognitive_mech_lexical_wordcount,Lexical (LIWC),0.04364695386164083,0.16018841594366076,0.2147190832484287,-0.17107212938678787
window,min_user_max_mimicry_bert,Semantic dynamics,0.03942178237824602,0.14098332078936424,0.20985519759106583,-0.1704334152128198
post,max_user_min_first_pronouns_proportion,Semantic dynamics,-0.015781051290641734,-0.016322605453118207,0.15399881285343955,-0.16977986414408128
window,stdev_user_max_info_exchange_zscore_conversation,Semantic dynamics,-0.008952438939784675,0.05512098533683615,0.1608108561672341,-0.16976329510701876
post,min_user_max_time_diff,Participation & timing,-0.10378430346474853,0.020138094072061956,0.06530398531043374,-0.16908828877518228
post,max_user_min_num_all_caps,Volume & form,0.012376939850226004,-0.03936071982585331,0.18130916055319748,-0.16893222070297148
window,team_burstiness,Participation & timing,0.0646758477893522,0.12125875173158171,0.232334621633644,-0.1676587738442918
window,mean_user_max_info_exchange_zscore_conversation,Semantic dynamics,0.06642560053622537,0.205480684647313,-0.09885806510866868,0.16528366564489405
pre,mean_user_max_verbs_lexical_wordcount,Lexical (LIWC),-0.20048628574797334,0.03414034572484497,-0.3656239671976116,0.16513768144963825
pre,min_textblob_polarity,Sentiment & emotion,0.3827874307350128,0.2730338367123719,0.2181949295381586,0.1645925011968542
pre,max_user_max_word_TTR,Volume & form,0.061103642356940664,-0.05086898106383515,-0.1029622824586782,0.16406592481561885
post,stdev_user_min_positive_affect_lexical_wordcount,Lexical (LIWC),-0.024160958820846117,0.07506278137767132,0.1396185164622988,-0.16377947528314493
post,min_user_max_cognitive_mech_lexical_wordcount,Lexical (LIWC),0.006958549424424221,-0.04118544151982069,-0.1555723482688197,0.16253089769324391
window,mean_user_max_forward_flow,Semantic dynamics,0.14733250473424558,0.28440450366292347,-0.013632933487082268,0.16096543822132786
post,mean_user_mean_info_exchange_zscore_conversation,Semantic dynamics,0.07269513726886995,0.03170057415366475,-0.08667071853748563,0.1593658558063556
post,max_user_min_conjunction_lexical_wordcount,Lexical (LIWC),0.0766343753546005,0.06923484711705309,-0.08157097257586518,0.1582053479304657
window,max_positive_words_lexical_wordcount,Lexical (LIWC),0.11950330811811105,0.2218308519985825,-0.0379879256504705,0.15749123376858154
window,min_user_max_positivity_zscore_conversation,Sentiment & emotion,-0.005589734189349625,0.07486819188496524,-0.16221127922264378,0.15662154503329415
pre,stdev_user_min_positive_affect_lexical_wordcount,Lexical (LIWC),-0.2811950862362523,-0.13326605979526934,-0.12491996082387784,-0.15627512541237443
pre,max_num_chars,Volume & form,-0.3797469880551489,-0.2271173257940313,-0.22347270071663006,-0.15627428733851884
pre,stdev_user_max_textblob_polarity,Sentiment & emotion,-0.45983978161422967,-0.3640126860140073,-0.3036073631569406,-0.15623241845728908
pre,min_user_min_word_TTR,Volume & form,0.18422070397942394,0.1662466047759999,0.030379499094723955,0.1538412048847
pre,max_social_lexical_wordcount,Lexical (LIWC),-0.3435698577402099,-0.2241273514138849,-0.19015087384225526,-0.15341898389795466
window,stdev_user_min_positivity_zscore_conversation,Sentiment & emotion,-0.07235366138506535,-0.11847644375469431,0.08064948230200966,-0.15300314368707502
pre,min_user_max_positivity_zscore_conversation,Sentiment & emotion,-0.040353638637227005,0.03496501052057092,-0.1931612605029119,0.15280762186568492
pre,stdev_user_min_certainty_rocklage,Sentiment & emotion,-0.13229540491003464,-0.1713190243383957,0.020472697060386798,-0.15276810197042143
window,min_negative_bert,Sentiment & emotion,-0.10869269336154432,-0.06469525466333242,-0.26132354210336517,0.15263084874182087
pre,min_user_max_preposition_lexical_wordcount,Lexical (LIWC),-0.026672071702682095,0.23522962800042133,0.12464514616417922,-0.1513172178668613
post,max_conjunction_lexical_wordcount,Lexical (LIWC),0.036882706352863955,0.07731458383092804,-0.11420322312368612,0.15108592947655008
pre,stdev_user_max_certainty_rocklage,Sentiment & emotion,-0.2357116714856732,-0.2947407049056178,-0.08518342495285941,-0.1505282465328138
window,max_user_min_article_lexical_wordcount,Lexical (LIWC),0.048725415103354826,0.07067808209875968,-0.10138273990603025,0.15010815500938507
pre,stdev_user_max_social_lexical_wordcount,Lexical (LIWC),-0.38755326584865324,-0.27612908785697465,-0.23772177930159807,-0.14983148654705516
window,within_person_disc_range,Semantic dynamics,0.13583013927434043,0.21773895469526394,0.2852082683341272,-0.14937812905978679
window,min_user_max_auxiliary_verbs_lexical_wordcount,Lexical (LIWC),-0.04494730019924038,-0.0464102175067885,-0.19388324037469065,0.14893594017545028
post,stdev_user_max_preposition_lexical_wordcount,Lexical (LIWC),0.02976578528559703,0.08861026887951205,-0.11700946322504104,0.14677524851063806
window,max_certainty_rocklage,Sentiment & emotion,0.050853918245998365,0.1606086047054727,0.19729052952759868,-0.14643661128160032
pre,min_neutral_bert,Sentiment & emotion,0.325894685422524,0.464098656391395,0.17959769234761988,0.1462969930749041
post,min_certainty_rocklage,Sentiment & emotion,-0.02245720065035789,-0.062394642201279014,0.12382820461334863,-0.14628540526370654
post,min_user_max_preposition_lexical_wordcount,Lexical (LIWC),0.018402867529531037,-0.04177427755901888,-0.12785547419169185,0.1462583417212229
post,incongruent_modulation,Semantic dynamics,-0.08080244406986237,0.023313461449032416,0.06455668804419042,-0.14535913211405277
window,max_preposition_lexical_wordcount,Lexical (LIWC),0.10470985036183986,0.1996343028140002,-0.040095328595491996,0.14480517895733186
pre,mean_user_min_textblob_polarity,Sentiment & emotion,0.1825249780219212,0.0841389336646995,0.03815826875363591,0.14436670926828526
pre,stdev_user_min_positivity_zscore_conversation,Sentiment & emotion,0.10724147242678321,0.03985015327431499,0.25160714699319164,-0.14436567456640842
post,mean_user_max_cognitive_mech_lexical_wordcount,Lexical (LIWC),0.009510719045463707,-0.0017195728527704727,-0.13458627073331778,0.1440969897787815
window,max_conjunction_lexical_wordcount,Lexical (LIWC),0.10928787673083337,0.20252840733249594,-0.0342819818853879,0.14356985861622126
post,stdev_user_max_cognitive_mech_lexical_wordcount,Lexical (LIWC),-0.015603526851218167,0.02150770286212488,0.12788743901207322,-0.14349096586329138
window,mean_user_max_textblob_polarity,Sentiment & emotion,0.11217940791548686,0.08173123478130889,-0.030135754045737245,0.1423151619612241
window,stdev_user_max_cognitive_mech_lexical_wordcount,Lexical (LIWC),0.07110652239064796,0.16807836097637147,0.21305063278845246,-0.1419441103978045
pre,max_first_pronouns_proportion,Semantic dynamics,-0.20247191615425011,-0.3180872922889363,-0.06066795826216886,-0.14180395789208125
post,max_preposition_lexical_wordcount,Lexical (LIWC),0.00831577619100015,0.0690022457829798,-0.13225278109922803,0.14056855729022819
post,min_neutral_bert,Sentiment & emotion,-0.022431313892660874,-0.08819884590523847,-0.1627791368362242,0.14034782294356332
pre,max_user_min_forward_flow,Semantic dynamics,-0.3338823912985865,-0.33710958136747277,-0.19435719377526128,-0.1395251975233252
window,stdev_user_min_Impersonal_Pronoun_receptiveness_yeomans,Receptiveness,0.11028328281334247,0.06929418505481055,-0.029138703923482116,0.1394219867368246
post,stdev_user_max_negative_bert,Sentiment & emotion,0.022702727040494808,0.170165857209673,-0.11539609137740316,0.13809881841789795
post,max_first_pronouns_proportion,Semantic dynamics,-0.05105586641553942,0.013075702288844977,0.08690714416657319,-0.1379630105821126
post,max_user_min_info_exchange_zscore_conversation,Semantic dynamics,0.03668576420115555,-0.0036803459231329223,0.17383787592863706,-0.1371521117274815
post,min_user_max_relative_lexical_wordcount,Lexical (LIWC),-0.005253891414218396,-0.03210263273917842,-0.14228682512926752,0.13703293371504913
window,stdev_forward_flow,Semantic dynamics,0.0644464550034769,0.05846681358574166,-0.07178303508174307,0.13622949008521995
pre,max_user_min_first_pronouns_proportion,Semantic dynamics,-0.014265116576463403,-0.14591860863301095,0.12178101058214429,-0.1360461271586077
window,max_user_min_tentativeness_lexical_wordcount,Lexical (LIWC),0.0510215424281098,0.0511575742935329,-0.08404422249268866,0.13506576492079847
pre,stdev_user_max_negative_bert,Sentiment & emotion,-0.35612688566405354,-0.3176070111715519,-0.4908673821453668,0.13474049648131325
post,stdev_user_max_info_exchange_zscore_conversation,Semantic dynamics,-0.044153474215479493,-0.010950462205089566,0.09017236656581058,-0.13432584078129006
post,max_cognitive_mech_lexical_wordcount,Lexical (LIWC),-0.04979392259918382,0.0020042752064059165,0.0842948870878185,-0.13408880968700232
window,max_First_Person_Single_receptiveness_yeomans,Receptiveness,0.12057935430759338,0.18334567195474258,-0.011066942504609002,0.13164629681220238
post,stdev_user_max_auxiliary_verbs_lexical_wordcount,Lexical (LIWC),0.05573677315354225,0.07483581025467716,-0.07450218155195804,0.1302389547055003
pre,max_first_person_lexical_wordcount,Lexical (LIWC),-0.2690416909117201,-0.2442215048501083,-0.13897868369766272,-0.13006300721405736
post,max_First_Person_Single_receptiveness_yeomans,Receptiveness,0.022444315875418397,0.07010765306841675,-0.10616579828914856,0.12861011416456697
window,min_user_min_verbs_lexical_wordcount,Lexical (LIWC),-0.0704474685362434,-0.0878783176205713,-0.19816091045189435,0.12771344191565095
pre,min_user_max_relative_lexical_wordcount,Lexical (LIWC),-0.014350644738935563,0.2304347174534541,0.11272996810861072,-0.1270806128475463
window,stdev_user_max_textblob_polarity,Sentiment & emotion,0.15943279994689752,0.19246229101057524,0.0339871765301506,0.12544562341674692
post,max_user_min_certainty_rocklage,Sentiment & emotion,-0.03378510974489624,0.027149837611120664,0.08984450973644176,-0.123629619481338
window,stdev_user_max_dale_chall_score,Volume & form,0.15036239981837599,0.1896714455321933,0.027708235859169306,0.12265416395920668
post,max_certainty_rocklage,Sentiment & emotion,-0.10621690827020064,0.053646356554877636,0.01632859607911466,-0.1225455043493153
pre,max_preposition_lexical_wordcount,Lexical (LIWC),-0.32505388269864427,-0.2344516757530266,-0.20319332679383817,-0.1218605559048061
post,stdev_user_max_forward_flow,Semantic dynamics,0.10355265800489889,0.03913472293893242,-0.018270717713664134,0.12182337571856303
pre,mean_user_max_cognitive_mech_lexical_wordcount,Lexical (LIWC),-0.21971489971361566,-0.0014636562100684342,-0.09873309595039087,-0.12098180376322479
window,max_first_pronouns_proportion,Semantic dynamics,0.13305579932096234,0.13401801182623796,0.25396735239038726,-0.12091155306942492
post,max_positive_affect_lexical_wordcount,Lexical (LIWC),-0.04197036299924428,0.11198786565546665,0.0778998192320122,-0.11987018223125648
window,stdev_user_min_neutral_bert,Sentiment & emotion,0.172261530676808,0.18682940294564251,0.053180411382555255,0.11908111929425275
post,mean_user_max_neutral_bert,Sentiment & emotion,-0.10947928863517449,-0.0002311706516758433,-0.22841350786168532,0.11893421922651083
pre,stdev_user_max_dale_chall_score,Volume & form,-0.2694985851433716,-0.30997583714052596,-0.1510432407770011,-0.11845534436637051
post,max_num_chars,Volume & form,0.039132724530882554,0.05473236468118378,-0.07904898267339497,0.11818170720427752
pre,mean_info_exchange_zscore_conversation,Semantic dynamics,-0.09048808623739468,0.0014523536810670096,0.025907698756702603,-0.11639578499409728
window,mean_user_min_info_exchange_zscore_conversation,Semantic dynamics,-0.015354853196037483,-0.14205281745147816,-0.1306474812259385,0.11529262802990102
window,max_inclusive_lexical_wordcount,Lexical (LIWC),0.04248658641019603,0.16767549903574944,0.15774679408190104,-0.115260207671705
pre,mean_user_max_num_chars,Volume & form,-0.22202685874911532,0.014195149014911283,-0.33640140653069345,0.11437454778157813
pre,max_dale_chall_score,Volume & form,-0.2639248584397488,-0.2865304626867151,-0.14958624571987986,-0.11433861271986892
window,max_user_min_certainty_rocklage,Sentiment & emotion,-0.014763048201951557,0.012444849472421205,0.09861311591099689,-0.11337616411294844
post,stdev_user_min_adverbs_lexical_wordcount,Lexical (LIWC),0.04031568700380737,0.08155892071491375,-0.07146684357971597,0.11178253058352333
post,stdev_user_max_positivity_zscore_conversation,Sentiment & emotion,0.1357813604346163,0.0035214791543144294,0.02463046549249427,0.11115089494212203
post,max_content_word_accommodation_per_conv,Semantic dynamics,-0.06529026029819131,0.036608881060265074,0.04539378967536509,-0.1106840499735564
pre,min_user_max_verbs_lexical_wordcount,Lexical (LIWC),0.03171156208306406,0.2516295286134146,-0.07883661610473959,0.11054817818780366
pre,stdev_user_max_Impersonal_Pronoun_receptiveness_yeomans,Receptiveness,-0.3178341501365233,-0.3002382509537717,-0.20738490542197646,-0.11044924471454681
pre,max_past_tense_lexical_wordcount,Lexical (LIWC),-0.23177235303707458,-0.2021685774645227,-0.34219669705557315,0.11042434401849857
window,incongruent_modulation,Semantic dynamics,0.09294362303884812,0.20687840920045167,0.20275393354847407,-0.10981031050962595
post,mean_user_max_positivity_zscore_conversation,Sentiment & emotion,-0.080713169707961,0.022410872619230585,-0.1898622778549909,0.10914910814702991
pre,stdev_user_max_relative_lexical_wordcount,Lexical (LIWC),-0.34472945734642463,-0.30060107195443553,-0.23585166656339593,-0.1088777907830287
window,stdev_user_mean_info_exchange_zscore_conversation,Semantic dynamics,0.013075127461325298,-0.08006118131698418,-0.09532623081683851,0.10840135827816381
pre,sum_num_chars,Volume & form,-0.49627843269852545,-0.43866923030823723,-0.38892559115084047,-0.10735284154768499
pre,stdev_user_max_positivity_zscore_conversation,Sentiment & emotion,-0.003543282445412127,-0.10568569948221647,-0.11012677966032894,0.1065834972149168
pre,max_time_diff,Participation & timing,-0.6345086023196062,-0.6048013823549132,-0.5287029348199422,-0.10580566749966391
post,stdev_user_min_forward_flow,Semantic dynamics,0.07431280485471846,0.09893706757527843,-0.03023783563423779,0.10455064048895625
window,min_user_max_certainty_rocklage,Sentiment & emotion,-0.029136899997696523,-0.0626241700463586,0.07519144328888547,-0.104328343286582
post,stdev_user_max_dale_chall_score,Volume & form,0.010952060406353237,0.06688396980843178,-0.09260209679600301,0.10355415720235625
pre,max_user_min_article_lexical_wordcount,Lexical (LIWC),-0.26473380095565996,-0.08761661956665581,-0.16124814616676517,-0.1034856547888948
pre,max_content_word_accommodation_per_conv,Semantic dynamics,-0.22596279220137952,-0.27548358577849147,-0.12252520856842072,-0.1034375836329588
pre,team_burstiness,Participation & timing,-0.1701443483125628,-0.24248730920991923,-0.06684457113131934,-0.10329977718124347
pre,stdev_user_max_forward_flow,Semantic dynamics,-0.07646788525520251,-0.05092349496903774,0.02668245224350982,-0.10315033749871233
window,stdev_user_max_textblob_subjectivity,Sentiment & emotion,0.1380131488232344,0.23279440252259065,0.03547377300041281,0.10253937582282159
pre,max_user_min_argue_lexical_wordcount,Lexical (LIWC),-0.17351194550784252,-0.08563044929692032,-0.07152251371842432,-0.1019894317894182
post,min_user_max_neutral_bert,Sentiment & emotion,-0.07877977956511657,-0.06384639096009331,-0.1804469122587882,0.10166713269367163
pre,mean_user_max_info_exchange_zscore_conversation,Semantic dynamics,-0.20212367462843003,-0.1335019559592363,-0.3035445131291243,0.10142083850069425
pre,gini_coefficient_sum_num_messages,Participation & timing,-0.49500674461895355,-0.4682278835032553,-0.39373429112813774,-0.10127245349081582
pre,stdev_user_max_positive_affect_lexical_wordcount,Lexical (LIWC),-0.4141196926355418,-0.30847333443144465,-0.3145350790445524,-0.09958461359098941
pre,max_article_lexical_wordcount,Lexical (LIWC),-0.41804958994777464,-0.23167513941514836,-0.3197497283321251,-0.09829986161564952
post,stdev_user_max_positive_affect_lexical_wordcount,Lexical (LIWC),-0.051861278892085284,0.10398713584558399,0.04539289450826389,-0.09725417340034917
pre,max_positivity_zscore_conversation,Sentiment & emotion,-0.2553176289113493,-0.26499397725034246,-0.1582127903507042,-0.09710483856064508
pre,mean_user_min_info_exchange_zscore_conversation,Semantic dynamics,0.11715422566201829,0.12446358138912203,0.2135378049293573,-0.09638357926733902
window,min_user_max_cognitive_mech_lexical_wordcount,Lexical (LIWC),-0.03250854566950918,-0.06870462673187025,-0.12714209487950262,0.09463354920999345
post,max_dale_chall_score,Volume & form,-0.005498823742115858,0.06469596434933522,-0.09960348594533397,0.09410466220321811
post,stdev_user_max_present_tense_lexical_wordcount,Lexical (LIWC),-0.013547167707646357,0.06866782524355679,-0.10754674069086653,0.09399957298322018
window,max_user_min_forward_flow,Semantic dynamics,0.1280422981673533,0.1676005809709586,0.03425087940012119,0.0937914187672321
window,mean_user_min_textblob_polarity,Sentiment & emotion,0.032977349385724115,-0.09217099822411402,-0.06073674039670253,0.09371408978242665
pre,max_exclusive_lexical_wordcount,Lexical (LIWC),-0.31123100299944856,-0.18945798492261004,-0.21763651318532307,-0.09359448981412549
pre,max_user_min_content_word_accommodation_per_conv,Semantic dynamics,-0.07120431058619682,-0.11936321267456415,0.021942235129095,-0.09314654571529182
window,min_user_max_word_TTR,Volume & form,-0.01155456253428718,0.007202422357228318,-0.10423005390142831,0.09267549136714114
window,min_nltk_english_stopwords_lexical_wordcount,Lexical (LIWC),-0.09816016548542077,-0.11494205048064857,-0.19062131690974593,0.09246115142432516
pre,min_user_max_auxiliary_verbs_lexical_wordcount,Lexical (LIWC),0.028271970163511042,0.2181979998798206,-0.06414543528547953,0.09241740544899057
pre,mean_user_min_forward_flow,Semantic dynamics,-0.40675274230540065,-0.38340970374039496,-0.316058115443056,-0.09069462686234464
window,max_dale_chall_score,Volume & form,0.13581462498933053,0.17893445234300834,0.046077288622174,0.08973733636715653
pre,max_first_person_singular_lexical_wordcount,Lexical (LIWC),-0.17338201932372696,-0.19669974565196616,-0.26268841836096246,0.0893063990372355
window,stdev_user_max_Impersonal_Pronoun_receptiveness_yeomans,Receptiveness,0.14381420635246467,0.1840557149395547,0.05456291086233906,0.08925129549012562
window,max_num_chars,Volume & form,0.1136239791171966,0.184509580895336,0.02441627127729248,0.08920770783990412
pre,max_user_min_tentativeness_lexical_wordcount,Lexical (LIWC),-0.07854496111751169,-0.044303833666089254,0.01052619259149934,-0.08907115370901103
window,mean_user_min_certainty_rocklage,Sentiment & emotion,-0.07099575594649125,-0.0641201813216674,0.017370033681827927,-0.08836578962831917
pre,min_user_min_verbs_lexical_wordcount,Lexical (LIWC),0.0965836660239519,0.2824620003303978,0.008518254304839237,0.08806541171911265
window,mean_user_max_cognitive_mech_lexical_wordcount,Lexical (LIWC),0.02528254085086764,0.09807056958302862,-0.06272104742415868,0.08800358827502633
pre,mean_user_min_certainty_rocklage,Sentiment & emotion,0.004327835130059133,0.0824421318475871,0.09131217443428438,-0.08698433930422525
window,turn_taking_index,Participation & timing,0.10787078023862948,0.12318882189047972,0.19441648493710412,-0.08654570469847464
post,max_textblob_polarity,Sentiment & emotion,0.027868761324446246,0.07825124652597462,0.11397096628714391,-0.08610220496269766
post,min_user_max_textblob_polarity,Sentiment & emotion,0.020510732566340062,-0.08402922074402348,-0.06486034053372124,0.0853710731000613
pre,stdev_user_min_Impersonal_Pronoun_receptiveness_yeomans,Receptiveness,-0.18404794820794076,-0.13192441263510743,-0.10088701027808583,-0.08316093792985493
pre,mean_user_min_positivity_zscore_conversation,Sentiment & emotion,0.18739876674662534,0.10888967646477844,0.2702510259826202,-0.08285225923599485
post,mean_user_min_certainty_rocklage,Sentiment & emotion,-0.025185145999096586,-0.002969977780527546,0.05676939124949585,-0.08195453724859243
post,discursive_diversity,Semantic dynamics,0.07150865570128272,0.13103218932696736,-0.01007681603727426,0.08158547173855697
pre,mean_user_max_present_tense_lexical_wordcount,Lexical (LIWC),-0.22176524373804743,0.039098702882008916,-0.3031246930825926,0.08135944934454517
window,max_user_min_inclusive_lexical_wordcount,Lexical (LIWC),-0.003789805820914941,0.03912940394605991,0.07658432130647883,-0.08037412712739377
pre,mean_user_max_forward_flow,Semantic dynamics,-0.473816303781065,-0.40344425658830324,-0.3944496636062414,-0.07936664017482359
window,min_user_min_word_TTR,Volume & form,-0.09449848662038232,-0.08386212808636555,-0.17302742466413487,0.07852893804375255
window,max_article_lexical_wordcount,Lexical (LIWC),0.05735921038780237,0.21601425174606453,-0.02059956673368679,0.07795877712148916
pre,stdev_user_max_info_exchange_zscore_conversation,Semantic dynamics,-0.048723068722706826,-0.14174230516997535,0.02921009308714974,-0.07793316180985657
pre,min_user_max_social_lexical_wordcount,Lexical (LIWC),0.17119046506454522,0.20108802195530334,0.09367562201893935,0.07751484304560587
post,stdev_user_max_certainty_rocklage,Sentiment & emotion,-0.09674392428621212,0.0744323210695669,-0.01989848802504758,-0.07684543626116454
window,stdev_user_max_forward_flow,Semantic dynamics,0.055241151655590924,-0.02618787227360663,-0.021463502711989817,0.07670465436758074
pre,min_user_max_mimicry_bert,Semantic dynamics,-0.25600720973387275,-0.20860468557299366,-0.17992357420006916,-0.0760836355338036
window,min_cognitive_mech_lexical_wordcount,Lexical (LIWC),-0.04806732912134359,-0.09591586716604178,-0.12222380484658438,0.07415647572524078
window,min_user_max_relative_lexical_wordcount,Lexical (LIWC),-0.06142053285212932,-0.062251342555120624,-0.13542804873832698,0.07400751588619767
post,min_user_max_word_TTR,Volume & form,0.029167036087504598,0.007166765546371397,-0.04218907231105449,0.07135610839855909
pre,stdev_user_mean_info_exchange_zscore_conversation,Semantic dynamics,0.06679298730027915,0.03280671350872735,0.13769545146149909,-0.07090246416121994
window,min_textblob_polarity,Sentiment & emotion,-0.06753759489120381,-0.18940788912363973,0.0013507905004119043,-0.06888838539161572
post,stdev_user_min_info_exchange_zscore_conversation,Semantic dynamics,0.1021777809580931,0.02848385644766698,0.033331855441462596,0.0688459255166305
window,sum_num_chars,Volume & form,0.16676941590755834,0.35515004964529595,0.09792619806387215,0.06884321784368619
post,mean_user_min_textblob_polarity,Sentiment & emotion,0.12824655607414784,-0.03952059261748652,0.059952172149711595,0.06829438392443624
window,max_user_min_First_Person_Single_receptiveness_yeomans,Receptiveness,0.037297744651517535,0.04093817128393553,-0.030269832226567414,0.06756757687808496
pre,incongruent_modulation,Semantic dynamics,-0.28597486437899033,-0.30863777609145565,-0.22024912050520049,-0.06572574387378985
window,max_positive_affect_lexical_wordcount,Lexical (LIWC),0.06278298127987254,0.22036666416684217,-0.0016519863548339617,0.0644349676347065
post,max_textblob_subjectivity,Sentiment & emotion,0.07183473436130967,0.10025839786078315,0.007925393122620661,0.06390934123868901
pre,max_user_min_conjunction_lexical_wordcount,Lexical (LIWC),-0.1702511879898166,-0.0834953654124073,-0.10664955913194954,-0.06360162885786705
window,stdev_user_max_positive_affect_lexical_wordcount,Lexical (LIWC),0.08016633201481059,0.2286187266780446,0.016678063464041635,0.06348826855076896
pre,mean_user_mean_positivity_zscore_conversation,Sentiment & emotion,0.01341241345217864,0.002138970445250684,0.07644364986634866,-0.06303123641417002
pre,max_textblob_polarity,Sentiment & emotion,-0.34811431960509825,-0.34927475896469456,-0.28526322463193926,-0.062851094973159
post,max_neutral_bert,Sentiment & emotion,-0.09454851595520486,0.06032808827079293,-0.15730543888991455,0.06275692293470969
post,max_user_min_positivity_zscore_conversation,Sentiment & emotion,0.058838286978014485,-0.019223943864217923,0.12114572541243673,-0.06230743843442225
post,stdev_forward_flow,Semantic dynamics,0.03339708402267724,0.08452795511617452,-0.028786507097014167,0.062183591119691406
window,stdev_user_max_certainty_rocklage,Sentiment & emotion,0.051390766996647255,0.16535412184242937,0.11332048094813586,-0.06192971395148861
post,stdev_user_max_textblob_polarity,Sentiment & emotion,0.035608830654172724,0.12676062540316152,0.09717635577991372,-0.061567525125741
post,max_user_min_word_TTR,Volume & form,-0.04144006542881646,0.0673249222136039,-0.10254362950166525,0.06110356407284879
pre,min_certainty_rocklage,Sentiment & emotion,0.10588451121541563,0.20121323491882293,0.1663861994703735,-0.06050168825495787
window,max_first_person_lexical_wordcount,Lexical (LIWC),0.04648133004547882,0.19143612919705186,0.10608027045868264,-0.059598940413203814
window,max_textblob_polarity,Sentiment & emotion,0.159341849716701,0.18449875977113678,0.09994263443309313,0.05939921528360788
pre,mean_user_max_positivity_zscore_conversation,Sentiment & emotion,-0.2071351361684156,-0.1462690746076301,-0.2646541222791295,0.05751898611071388
post,mean_info_exchange_zscore_conversation,Semantic dynamics,0.0020943003767364575,0.006239817155452745,-0.053344167849612635,0.05543846822634909
pre,min_cognitive_mech_lexical_wordcount,Lexical (LIWC),0.204231044545412,0.21359527894473354,0.14913203843714468,0.05509900610826732
post,stdev_user_min_Positive_Emotion_receptiveness_yeomans,Receptiveness,0.06455585726076055,0.044922682657252404,0.010099221014773643,0.0544566362459869
window,max_argue_lexical_wordcount,Lexical (LIWC),0.053618868474240244,0.21054747158221676,-0.0008287768428951249,0.05444764531713537
window,mean_user_min_positivity_zscore_conversation,Sentiment & emotion,-0.06033325987794869,-0.16210056276556284,-0.005909377577014901,-0.05442388230093379
window,min_user_max_social_lexical_wordcount,Lexical (LIWC),-0.04004505382534032,-0.07660761376894058,-0.09400158275448316,0.053956528929142836
window,mean_user_mean_positivity_zscore_conversation,Sentiment & emotion,-0.03683332711315659,0.00034023439180588913,0.01650862366960768,-0.05334195078276427
pre,max_argue_lexical_wordcount,Lexical (LIWC),-0.3527006169151201,-0.22525934278721163,-0.3001829853104518,-0.052517631604668324
pre,max_user_min_positive_words_lexical_wordcount,Lexical (LIWC),-0.130642915136336,-0.05524674492340598,-0.1815554814374249,0.050912566301088896
post,max_social_lexical_wordcount,Lexical (LIWC),0.024865139159580493,0.01807210449911705,-0.02591109855357849,0.05077623771315898
window,mean_user_max_positivity_zscore_conversation,Sentiment & emotion,0.0627308426342803,0.20781645499524995,0.012137910170362661,0.05059293246391764
post,stdev_user_max_Impersonal_Pronoun_receptiveness_yeomans,Receptiveness,-0.0034007490916242596,0.05878561760129151,0.046735515657295945,-0.0501362647489202
window,stdev_user_min_certainty_rocklage,Sentiment & emotion,0.045141421488384396,0.06658606262537756,-0.004791078058621721,0.04993249954700612
window,max_user_min_info_exchange_zscore_conversation,Semantic dynamics,0.004294021599340652,-0.03590826238939488,0.054112172577404014,-0.04981815097806336
pre,stdev_forward_flow,Semantic dynamics,-0.1769306922956908,-0.11638102424268312,-0.12740116640065455,-0.04952952589503626
post,max_positivity_zscore_conversation,Sentiment & emotion,-0.0240264839818525,0.04326475261994461,-0.0732860495022003,0.0492595655203478
post,min_user_min_word_TTR,Volume & form,-0.00936615137052169,0.024740313014389864,-0.0584254181422805,0.049059266771758814
post,stdev_user_min_positivity_zscore_conversation,Sentiment & emotion,0.06862699271167305,-0.02923243447194848,0.11686942311812085,-0.048242430406447795
post,max_user_min_neutral_bert,Sentiment & emotion,-0.0564550966059687,0.019105295940189736,-0.1044064193503675,0.0479513227443988
post,stdev_user_max_Positive_Emotion_receptiveness_yeomans,Receptiveness,-0.034357596892112846,0.08120104801496299,0.013571553121715619,-0.04792915001382846
post,max_user_min_forward_flow,Semantic dynamics,0.013132062029407589,0.10541838369269062,0.060946793918604136,-0.04781473188919655
window,mean_user_max_neutral_bert,Sentiment & emotion,-0.05343648142164772,0.11267709657336668,-0.1010189131888858,0.04758243176723808
pre,mean_positivity_zscore_conversation,Sentiment & emotion,0.01587005588039867,0.07802663311516934,-0.031697650139914275,0.04756770602031295
post,max_forward_flow,Semantic dynamics,-0.032366454372496856,0.11405580240490025,0.014814884488285962,-0.047181338860782816
pre,max_conjunction_lexical_wordcount,Lexical (LIWC),-0.3445440996634975,-0.23149286584822026,-0.29781298645900955,-0.04673111320448797
pre,min_user_max_nltk_english_stopwords_lexical_wordcount,Lexical (LIWC),0.05466174743697727,0.2767976620335136,0.008347298113143229,0.046314449323834044
post,stdev_user_min_Impersonal_Pronoun_receptiveness_yeomans,Receptiveness,0.03845844218457546,0.0286764739073871,0.0844529709932875,-0.045994528808712035
pre,stdev_user_mean_positivity_zscore_conversation,Sentiment & emotion,0.15491355272818078,0.0480352428037757,0.2001821318637648,-0.04526857913558402
pre,min_user_max_cognitive_mech_lexical_wordcount,Lexical (LIWC),0.11768087317173424,0.21650741007015978,0.07287495227788118,0.04480592089385306
window,max_forward_flow,Semantic dynamics,0.11848758997190864,0.2047605310919012,0.07379322920536023,0.04469436076654841
post,max_argue_lexical_wordcount,Lexical (LIWC),-0.010908991571648768,0.07209310711773037,-0.052685282559798874,0.041776290988150104
post,max_user_max_word_TTR,Volume & form,-0.058484430184890586,0.06615407670358014,-0.09993707309891584,0.04145264291402525
post,mean_user_max_textblob_polarity,Sentiment & emotion,0.061684786675240036,0.010799072554360998,0.02030283354511465,0.04138195313012538
pre,max_tentativeness_lexical_wordcount,Lexical (LIWC),-0.21679567062859767,-0.19778378685217513,-0.1760099823517042,-0.04078568827689347
window,min_user_max_info_exchange_zscore_conversation,Semantic dynamics,0.009498134346804632,0.012868089105866311,0.050181277994849255,-0.04068314364804462
post,stdev_user_max_textblob_subjectivity,Sentiment & emotion,-0.005557488299167896,0.12668128835540965,0.0336287694112761,-0.039186257710444
window,max_relative_lexical_wordcount,Lexical (LIWC),3.110050625685108e-05,0.2152157384749173,0.03909974457392811,-0.039068644067671264
pre,stdev_user_max_auxiliary_verbs_lexical_wordcount,Lexical (LIWC),-0.2741844184796006,-0.26914645834128076,-0.31318361512161236,0.038999196642011735
pre,stdev_user_max_present_tense_lexical_wordcount,Lexical (LIWC),-0.289651037161006,-0.24999485630174728,-0.3283328519887935,0.038681814827787486
post,gini_coefficient_sum_num_messages,Participation & timing,-0.10498033298943885,0.10264245270566667,-0.06663185021398231,-0.038348482775456535
post,mean_user_min_positivity_zscore_conversation,Sentiment & emotion,0.08508098219947045,-0.03274014677214552,0.12106037448490428,-0.03597939228543383
post,sum_num_chars,Volume & form,-0.04669921627203891,0.06895209058185209,-0.0826305843997383,0.0359313681276994
window,min_user_max_preposition_lexical_wordcount,Lexical (LIWC),-0.09821102857745644,-0.055917938664382966,-0.13398888852193666,0.035777859944480225
post,max_user_min_article_lexical_wordcount,Lexical (LIWC),0.07089042319814143,0.06735056368230226,0.03526817678493661,0.03562224641320482
window,gini_coefficient_sum_num_messages,Participation & timing,0.11336134346987004,0.354540045964317,0.14876498325344478,-0.03540363978357475
post,stdev_user_mean_info_exchange_zscore_conversation,Semantic dynamics,0.062401503897982435,0.005272787380667497,0.09774199511523882,-0.03534049121725638
post,stdev_user_mean_positivity_zscore_conversation,Sentiment & emotion,0.13823505115678478,-0.02460626736666705,0.1031206169373761,0.03511443421940867
window,mean_positivity_zscore_conversation,Sentiment & emotion,-0.0015524174322219017,-0.01727659975231096,-0.036482713675115123,0.03493029624289322
post,max_Impersonal_Pronoun_receptiveness_yeomans,Receptiveness,-0.01060353416890602,0.038535802812872645,0.02353890204194533,-0.03414243621085135
post,mean_user_mean_positivity_zscore_conversation,Sentiment & emotion,0.008459924329869504,-0.015117237936803623,-0.02563116286983223,0.03409108719970173
window,max_user_min_argue_lexical_wordcount,Lexical (LIWC),0.022366288744312353,0.03267528258665569,-0.011645974019075534,0.03401226276338789
pre,max_positive_affect_lexical_wordcount,Lexical (LIWC),-0.3873978995222091,-0.2982197944756429,-0.3536492752460479,-0.03374862427616121
pre,max_user_max_verbs_lexical_wordcount,Lexical (LIWC),-0.3095032665982157,-0.19343311222997764,-0.34268873111912407,0.03318546452090837
post,max_inclusive_lexical_wordcount,Lexical (LIWC),-0.007898787221807915,0.030044791682234895,0.024679161329307718,-0.032577948551115635
post,max_user_min_First_Person_Single_receptiveness_yeomans,Receptiveness,0.01801848965070404,0.04185090779988174,-0.014268407918216685,0.032286897568920725
post,max_user_min_positive_words_lexical_wordcount,Lexical (LIWC),0.04161275945901628,0.05580386522930001,0.00936521606935311,0.03224754338966317
pre,stdev_user_max_positive_words_lexical_wordcount,Lexical (LIWC),-0.39620360825236434,-0.30584387288333803,-0.3659466686676461,-0.030256939584718257
pre,max_textblob_subjectivity,Sentiment & emotion,-0.3545311649359247,-0.3489278113266476,-0.38383762169129115,0.029306456755366472
post,stdev_user_max_positive_words_lexical_wordcount,Lexical (LIWC),-0.029578474476558536,0.10232675657896473,-0.00043010513992532384,-0.02914836933663321
post,min_textblob_polarity,Sentiment & emotion,0.03729955759782567,-0.10712429936590247,0.008549379351382573,0.028750178246443096
pre,stdev_user_min_info_exchange_zscore_conversation,Semantic dynamics,0.0493043968120238,0.04364947072370868,0.0776743522389871,-0.028369955426963293
window,max_content_word_accommodation_per_conv,Semantic dynamics,0.09345548968982648,0.16204481928992062,0.12151766730976925,-0.02806217761994277
pre,max_user_min_First_Person_Single_receptiveness_yeomans,Receptiveness,-0.08543122875090128,-0.08256627568258469,-0.060133271484654624,-0.02529795726624666
post,stdev_user_max_num_chars,Volume & form,0.02755926650085282,0.04632519841182527,0.05235481947473477,-0.02479555297388195
post,stdev_user_min_neutral_bert,Sentiment & emotion,0.02499014308918527,0.09233961628605176,0.0008730153379987454,0.024117127751186525
pre,min_user_max_certainty_rocklage,Sentiment & emotion,0.02421404363119224,0.11886227155201012,0.04825279419625178,-0.024038750565059542
pre,max_adverbs_lexical_wordcount,Lexical (LIWC),-0.3286800847732301,-0.24495463683990215,-0.35184819356554103,0.02316810879231096
post,max_user_min_textblob_subjectivity,Sentiment & emotion,0.09011197545911598,0.07255115543709721,0.06756780975507984,0.02254416570403614
pre,max_positive_words_lexical_wordcount,Lexical (LIWC),-0.3333817265365114,-0.2650185231373511,-0.35504932314162363,0.02166759660511225
post,stdev_user_max_social_lexical_wordcount,Lexical (LIWC),0.02231378666592201,0.042706967971674746,0.04390226244652804,-0.02158847578060603
window,stdev_user_max_social_lexical_wordcount,Lexical (LIWC),0.14828174075574013,0.17520898270284346,0.1271356600435959,0.021146080712144244
window,mean_info_exchange_zscore_conversation,Semantic dynamics,-0.037840272315593,0.027214565550357613,-0.01686834727610254,-0.02097192503949046
pre,stdev_user_max_Positive_Emotion_receptiveness_yeomans,Receptiveness,-0.3529919873149738,-0.29322945980928006,-0.33202745123079425,-0.02096453608417953
window,max_positivity_zscore_conversation,Sentiment & emotion,0.11335428263914345,0.1777399487039255,0.09251209053817752,0.020842192100965926
window,min_neutral_bert,Sentiment & emotion,-0.1980793841399696,-0.1697360263633707,-0.21876621305986174,0.020686828919892153
post,mean_user_max_forward_flow,Semantic dynamics,-0.046553574634879184,0.1450327210731219,-0.026157365293193284,-0.0203962093416859
post,max_user_min_tentativeness_lexical_wordcount,Lexical (LIWC),-0.037382754713142174,0.020265841335794416,-0.05746745441973371,0.020084699706591533
pre,min_nltk_english_stopwords_lexical_wordcount,Lexical (LIWC),0.15354164313669022,0.31624879912109943,0.13350100317549826,0.02004063996119196
post,max_user_min_argue_lexical_wordcount,Lexical (LIWC),0.06643592539662183,0.04620529448124652,0.04649950333952921,0.019936422057092618
pre,max_user_min_textblob_subjectivity,Sentiment & emotion,-0.20018421507401665,-0.17837903633116928,-0.18073667079560393,-0.01944754427841272
post,mean_user_min_info_exchange_zscore_conversation,Semantic dynamics,0.08314840293299418,-0.000831649548722127,0.06397460092923461,0.019173802003759566
post,mean_positivity_zscore_conversation,Sentiment & emotion,0.0006609362645960997,-0.016075708076566397,-0.01850140310440127,0.019162339368997368
post,mean_user_min_forward_flow,Semantic dynamics,0.039407442707242085,0.14269272960355864,0.020510133116159505,0.01889730959108258
pre,mean_user_max_neutral_bert,Sentiment & emotion,-0.11953584714612576,0.06687102737246614,-0.10065505279083635,-0.018880794355289415
window,stdev_user_mean_positivity_zscore_conversation,Sentiment & emotion,-0.014140265300267513,-0.12165623640564835,-0.032868767841897684,0.018728502541630172
pre,max_auxiliary_verbs_lexical_wordcount,Lexical (LIWC),-0.3092948050195494,-0.22891719984895373,-0.32797444008066984,0.018679635061120414
pre,stdev_user_min_forward_flow,Semantic dynamics,-0.19213919804246077,-0.18725420204535898,-0.21033064540500307,0.0181914473625423
pre,stdev_user_max_verbs_lexical_wordcount,Lexical (LIWC),-0.2797767280380022,-0.25416220512603016,-0.29770251941467174,0.017925791376669553
pre,stdev_user_max_preposition_lexical_wordcount,Lexical (LIWC),-0.278986015715026,-0.29439517397722326,-0.26166145523800793,-0.01732456047701808
pre,discursive_diversity,Semantic dynamics,-0.3105694761802219,-0.3041673800257509,-0.2933041889224738,-0.01726528725774812
post,stdev_user_min_certainty_rocklage,Sentiment & emotion,0.006447461790210737,0.057091294429460114,-0.009849518900426383,0.01629698069063712
post,max_relative_lexical_wordcount,Lexical (LIWC),-0.08773446086563505,0.08086391557680923,-0.10267206128648312,0.014937600420848074
window,max_social_lexical_wordcount,Lexical (LIWC),0.1300502208595761,0.16549124394594086,0.11721195940229592,0.012838261457280176
post,max_article_lexical_wordcount,Lexical (LIWC),-0.01078027721956926,0.08187393308668939,0.0015757465309096125,-0.012356023750478872
pre,mean_user_mean_info_exchange_zscore_conversation,Semantic dynamics,-0.05209612971767008,0.02149647805713962,-0.06437117785319366,0.012275048135523575
window,stdev_user_max_num_chars,Volume & form,0.13045936814916012,0.1659040861036993,0.14258145162922997,-0.01212208348006985
window,max_Impersonal_Pronoun_receptiveness_yeomans,Receptiveness,0.08968891572253922,0.17028518281290064,0.10143082392339846,-0.011741908200859241
pre,min_user_max_time_diff,Participation & timing,-0.19809719945561674,-0.1555983226385332,-0.2086410968892686,0.010543897433651861
pre,stdev_user_max_adverbs_lexical_wordcount,Lexical (LIWC),-0.35292346583322826,-0.27600132211474937,-0.34272381414878134,-0.01019965168444692
pre,min_user_max_info_exchange_zscore_conversation,Semantic dynamics,-0.01595623562822761,0.00374081140646424,-0.005763907647802925,-0.010192327980424687
post,max_user_min_inclusive_lexical_wordcount,Lexical (LIWC),0.038862806538884576,0.005075330690291871,0.029435243725962398,0.009427562812922178
post,min_user_max_certainty_rocklage,Sentiment & emotion,0.012925761563145588,-0.05514084658528678,0.022317095552102355,-0.009391333988956767
window,max_neutral_bert,Sentiment & emotion,0.008249251609050478,0.19408753952053592,-0.0006312280167376326,0.00888047962578811
post,max_positive_words_lexical_wordcount,Lexical (LIWC),-0.02401659723018479,0.08938704254486159,-0.03008258015775984,0.0060659829275750525
window,min_user_max_neutral_bert,Sentiment & emotion,-0.15042921414847146,-0.058035150507976134,-0.15645393628281737,0.006024722134345906
window,max_tentativeness_lexical_wordcount,Lexical (LIWC),0.054356020512628236,0.1807757444075342,0.04833201457648677,0.006024005936141469
post,min_user_max_info_exchange_zscore_conversation,Semantic dynamics,-0.04256589963591314,-0.011689868796629359,-0.03674039178582342,-0.0058255078500897214
pre,stdev_user_min_Positive_Emotion_receptiveness_yeomans,Receptiveness,-0.1427647747256899,-0.10561052588503406,-0.14810789771813065,0.005343122992440746
window,stdev_user_max_relative_lexical_wordcount,Lexical (LIWC),0.03842021231793926,0.22844901286856215,0.0331434418641574,0.005276770453781859
pre,max_First_Person_Single_receptiveness_yeomans,Receptiveness,-0.25791695104192164,-0.24279372917501124,-0.25285626201252753,-0.005060689029394105
pre,stdev_user_min_positive_words_lexical_wordcount,Lexical (LIWC),-0.1871822735843672,-0.08498164451528914,-0.19172217796695018,0.004539904382582977
post,stdev_user_min_positive_words_lexical_wordcount,Lexical (LIWC),0.020652804953412533,0.06268108645380992,0.025001778523182354,-0.004348973569769821
window,max_user_min_neutral_bert,Sentiment & emotion,-0.015543191593708152,0.082954235257384,-0.011815399240461844,-0.003727792353246308
post,stdev_user_max_relative_lexical_wordcount,Lexical (LIWC),-0.065443014239129,0.09772433951902612,-0.06179997930277466,-0.0036430349363543446
window,max_exclusive_lexical_wordcount,Lexical (LIWC),0.027864308506616083,0.18813083900162672,0.024775942801069664,0.003088365705546419
post,max_first_person_lexical_wordcount,Lexical (LIWC),-0.07608307142429468,0.04113349758039067,-0.07897999187489606,0.002896920450601373
pre,stdev_user_min_adverbs_lexical_wordcount,Lexical (LIWC),-0.16011443176279458,-0.08950783799172919,-0.1627133854012852,0.0025989536384906087
pre,max_present_tense_lexical_wordcount,Lexical (LIWC),-0.33223969800758807,-0.1796882838646452,-0.3305049843462823,-0.0017347136613057867
post,max_tentativeness_lexical_wordcount,Lexical (LIWC),-0.09077325605858273,0.041327076604789764,-0.09246208796493786,0.0016888319063551316
post,max_exclusive_lexical_wordcount,Lexical (LIWC),-0.056713706709267536,0.05426743500481073,-0.055298480303205645,-0.001415226406061891
window,min_user_max_textblob_polarity,Sentiment & emotion,-0.01026597759336374,-0.07343769242991711,-0.011548821485828998,0.0012828438924652585
window,stdev_user_min_positive_affect_lexical_wordcount,Lexical (LIWC),-0.03616362425138937,0.09522172231603178,-0.03721325397948704,0.0010496297280976688
