binning,bin,sample,block_a,block_b,nested,model_family,controls,n_rounds,n_games,n_rounds_heldout,n_games_heldout,diff_cv_r2,ci_low,ci_high,diff_heldout_r2,ci_low_heldout,ci_high_heldout
all,all rounds,talkers,pre,post,False,elastic net,rules+timing,957,128,1050,191,0.02693106063529005,-0.02453293189212979,0.07282443164632225,-0.001742459504973315,-0.027882474156781915,0.026612652124626355
all,all rounds,talkers,pre,window,True,elastic net,rules+timing,957,128,1050,191,0.0295294963532019,-0.04503033365583188,0.06648026573791183,-0.02199281444674095,-0.047089791257113704,0.003795057868235086
all,all rounds,talkers,pre,cumulative,True,elastic net,rules+timing,957,128,1050,191,0.12294176559058101,-0.09658693017643571,0.23382416773460304,-0.06972263545697066,-0.23168743798425673,0.0612158334901522
all,all rounds,talkers,post,window,True,elastic net,rules+timing,957,128,1050,191,0.002598435717911851,-0.04351600701629191,0.02251059465154442,-0.020250354941767634,-0.04588297508275114,0.005052550562891228
all,all rounds,talkers,post,cumulative,True,elastic net,rules+timing,957,128,1050,191,0.09601070495529096,-0.1337976793706058,0.20837428980882974,-0.06798017595199735,-0.22855603366762012,0.06331802047493629
all,all rounds,talkers,window,cumulative,True,elastic net,rules+timing,957,128,1050,191,0.09341226923737911,-0.09312976980122609,0.19141127426247426,-0.04772982101022971,-0.2117154626655263,0.08018726079031147
all,all rounds,talkers,pre,post,False,random forest,rules+timing,957,128,1050,191,0.0038939608719088525,-0.03009356766564649,0.020677544528701488,-0.009332175644749419,-0.016166765207988636,-0.002197458997469837
all,all rounds,talkers,pre,window,True,random forest,rules+timing,957,128,1050,191,0.002852776240162669,-0.06092849093836444,0.030153294130869084,-0.01131296744029009,-0.01857993017776427,-0.004067324036386445
all,all rounds,talkers,pre,cumulative,True,random forest,rules+timing,957,128,1050,191,0.027650535867795867,-0.21384340532700052,0.13589336195130997,-0.02856770303931,-0.08508918735478462,0.017769932184285082
all,all rounds,talkers,post,window,True,random forest,rules+timing,957,128,1050,191,-0.0010411846317461837,-0.03883423374805943,0.015542715512817665,-0.0019807917955406706,-0.007441572727559578,0.0036281942196377615
all,all rounds,talkers,post,cumulative,True,random forest,rules+timing,957,128,1050,191,0.023756574995887014,-0.19244305259801756,0.1203253206075294,-0.01923552739456058,-0.07293131529943432,0.027469142577096088
all,all rounds,talkers,window,cumulative,True,random forest,rules+timing,957,128,1050,191,0.024797759627633198,-0.17761912659280532,0.1253333258990458,-0.01725473559901991,-0.07226977521562955,0.02589482573382728
all,all rounds,talkers,pre,post,False,elastic net,rules+timing+momentum,957,128,1050,191,0.001463435324020601,-0.012227819925685104,0.00725064780198063,-0.007074603225803555,-0.014400962075040075,-0.0008649331776360041
all,all rounds,talkers,pre,window,True,elastic net,rules+timing+momentum,957,128,1050,191,0.0044715455981163554,-0.007483785302281709,0.009934820532425859,-0.008488628145076671,-0.015375246207178136,-0.002521827922501451
all,all rounds,talkers,pre,cumulative,True,elastic net,rules+timing+momentum,957,128,1050,191,0.011622811384082499,-0.0074337766849811165,0.019709222095339478,-0.003984563115246198,-0.018561264000830753,0.007526686547180558
all,all rounds,talkers,post,window,True,elastic net,rules+timing+momentum,957,128,1050,191,0.0030081102740957544,-0.00030023529325558793,0.008734732680268446,-0.0014140249192731158,-0.005828767210511626,0.0027054892874328624
all,all rounds,talkers,post,cumulative,True,elastic net,rules+timing+momentum,957,128,1050,191,0.010159376060061898,0.0001170181715003161,0.02195532728050878,0.003090040110557357,-0.009465358916731604,0.013499104448852047
all,all rounds,talkers,window,cumulative,True,elastic net,rules+timing+momentum,957,128,1050,191,0.007151265785966143,-0.003259376500926267,0.016739029663215013,0.004504065029830473,-0.00833256969363358,0.014465254573268048
all,all rounds,talkers,pre,post,False,random forest,rules+timing+momentum,957,128,1050,191,0.004673397666289936,-0.02247972347560823,0.016193200656067695,-0.0056826471745863305,-0.01397526909723371,0.0031663607803833443
all,all rounds,talkers,pre,window,True,random forest,rules+timing+momentum,957,128,1050,191,-0.0027288018932790647,-0.03822495066987175,0.009865707868890145,-0.003501165603229439,-0.01077829125853268,0.004230457659207866
all,all rounds,talkers,pre,cumulative,True,random forest,rules+timing+momentum,957,128,1050,191,-0.014310713311391554,-0.21584077923382386,0.042349282126260275,-0.016131952490689327,-0.031002677604841846,-0.0012967573418573282
all,all rounds,talkers,post,window,True,random forest,rules+timing+momentum,957,128,1050,191,-0.0074021995595690004,-0.018211998633387905,0.0036705792183709673,0.0021814815713568914,-0.0030750110939383873,0.007441940249837855
all,all rounds,talkers,post,cumulative,True,random forest,rules+timing+momentum,957,128,1050,191,-0.01898411097768149,-0.17027144262555727,0.03502408181753765,-0.010449305316102997,-0.025348451629142826,0.004320923013897701
all,all rounds,talkers,window,cumulative,True,random forest,rules+timing+momentum,957,128,1050,191,-0.01158191141811249,-0.16866559064605005,0.03782159155659985,-0.012630786887459888,-0.027851325269434908,0.0026172501714085473
stage,opening,talkers,pre,post,False,elastic net,rules+timing,151,93,169,123,-0.056403228315206166,-0.17899426757265577,0.08805642708176957,-0.030967430375639204,-0.12305241074731765,0.042357463605185955
stage,opening,talkers,pre,window,True,elastic net,rules+timing,151,93,169,123,-0.05856544046193024,-0.1976723094798109,0.10044118813477552,0.014071899457319903,-0.07137544461140036,0.08319910772134875
stage,opening,talkers,pre,cumulative,True,elastic net,rules+timing,151,93,169,123,-0.1697957099679367,-0.33693185561077826,0.014364234593733457,-0.09761397523235471,-0.28260034848485327,0.08003827315064284
stage,opening,talkers,post,window,True,elastic net,rules+timing,151,93,169,123,-0.002162212146724074,-0.07435593913007445,0.0722351333363024,0.04503932983295911,0.011942517765711674,0.08195228022450358
stage,opening,talkers,post,cumulative,True,elastic net,rules+timing,151,93,169,123,-0.11339248165273053,-0.1936414822184483,-0.01710575731595875,-0.0666465448567155,-0.22241052331969707,0.08677668953089293
stage,opening,talkers,window,cumulative,True,elastic net,rules+timing,151,93,169,123,-0.11123026950600645,-0.18932205529626434,-0.02301199930399501,-0.11168587468967461,-0.25578384898547807,0.03761459172309638
stage,opening,talkers,pre,post,False,random forest,rules+timing,151,93,169,123,-0.09606616913743427,-0.18507282303976622,-0.0002461483647303032,-0.08255143198669479,-0.14948085271818212,-0.0071213117729451506
stage,opening,talkers,pre,window,True,random forest,rules+timing,151,93,169,123,-0.05341239547225329,-0.12469741134239633,0.020798587702878228,-0.0505136849370702,-0.1142446564588851,0.010096810716689329
stage,opening,talkers,pre,cumulative,True,random forest,rules+timing,151,93,169,123,-0.10223661125586891,-0.20563821334539178,-1.4060975259670115e-05,-0.10120157780265737,-0.17234187003139498,-0.02145965718152009
stage,opening,talkers,post,window,True,random forest,rules+timing,151,93,169,123,0.04265377366518097,-0.014675462389272385,0.10217688795744545,0.03203774704962459,-0.027082189017896652,0.08490022624945524
stage,opening,talkers,post,cumulative,True,random forest,rules+timing,151,93,169,123,-0.006170442118434649,-0.09703333698320403,0.07875991924205895,-0.018650145815962582,-0.07103535412887534,0.028479315428692472
stage,opening,talkers,window,cumulative,True,random forest,rules+timing,151,93,169,123,-0.04882421578361562,-0.12988080630469254,0.03620249433257565,-0.05068789286558717,-0.09004808802077192,-0.008014462702958554
stage,opening,talkers,pre,post,False,elastic net,rules+timing+momentum,151,93,169,123,0.010653503729898262,-0.06225956432363879,0.09099103321931033,-0.03390165864748429,-0.09676743814545247,0.015005379259065489
stage,opening,talkers,pre,window,True,elastic net,rules+timing+momentum,151,93,169,123,-0.0113628447137325,-0.08602327961827977,0.0661370349101515,0.01731353124934687,-0.04716278748998677,0.06655332702982932
stage,opening,talkers,pre,cumulative,True,elastic net,rules+timing+momentum,151,93,169,123,-0.044405082667101525,-0.1189149835108372,0.031217532129853665,-0.0021671310969847424,-0.0952524401850081,0.07766456132667933
stage,opening,talkers,post,window,True,elastic net,rules+timing+momentum,151,93,169,123,-0.022016348443630762,-0.059199030058990444,0.019536084647273785,0.05121518989683116,0.016963015518499498,0.0762540491668834
stage,opening,talkers,post,cumulative,True,elastic net,rules+timing+momentum,151,93,169,123,-0.05505858639699979,-0.10571942215798122,-0.007334150107022813,0.03173452755049955,-0.020976065285216193,0.08201896614852758
stage,opening,talkers,window,cumulative,True,elastic net,rules+timing+momentum,151,93,169,123,-0.033042237953369025,-0.07504985460061471,0.006481044488448043,-0.019480662346331612,-0.06963495716111824,0.039303850262921276
stage,opening,talkers,pre,post,False,random forest,rules+timing+momentum,151,93,169,123,-0.04184282009383322,-0.12042441392438442,0.04431023592173627,-0.05640996839387846,-0.09712463064078537,-0.010847391785270489
stage,opening,talkers,pre,window,True,random forest,rules+timing+momentum,151,93,169,123,-0.022377480965189878,-0.08673895043482488,0.04485769330441999,-0.021733571434379706,-0.06154265236180841,0.01433772876546445
stage,opening,talkers,pre,cumulative,True,random forest,rules+timing+momentum,151,93,169,123,-0.058200950010038444,-0.12900614671187793,0.02295748296465481,-0.05381906077362231,-0.0961988428328801,-0.0069648553009586875
stage,opening,talkers,post,window,True,random forest,rules+timing+momentum,151,93,169,123,0.019465339128643344,-0.02368985271488818,0.0648546546685417,0.034676396959498756,-0.0017010400269390294,0.0682948498401559
stage,opening,talkers,post,cumulative,True,random forest,rules+timing+momentum,151,93,169,123,-0.016358129916205222,-0.06273205124521018,0.030833376419138653,0.0025909076202561554,-0.03039347040592629,0.03508578681789736
stage,opening,talkers,window,cumulative,True,random forest,rules+timing+momentum,151,93,169,123,-0.035823469044848566,-0.06804833819756381,0.0002990195539934596,-0.0320854893392426,-0.05664550765009715,-0.0017528539496514616
stage,middle,talkers,pre,post,False,elastic net,rules+timing,647,103,704,151,0.025364321195652906,-0.029738396159078927,0.07006258114056473,-0.005013568681328406,-0.04729067885484505,0.03883922439988938
stage,middle,talkers,pre,window,True,elastic net,rules+timing,647,103,704,151,0.022975837419296097,-0.037389775073587664,0.062258679886653186,-0.047148526795053325,-0.09768292779764239,-0.0024677705161832778
stage,middle,talkers,pre,cumulative,True,elastic net,rules+timing,647,103,704,151,0.01701759359741284,-0.41975855572288207,0.15246323041942197,-0.1163015058082959,-0.3450015053007691,0.04543056067634493
stage,middle,talkers,post,window,True,elastic net,rules+timing,647,103,704,151,-0.002388483776356809,-0.04841959264151592,0.028456896346662732,-0.04213495811372492,-0.10362590677772163,0.008211611327171964
stage,middle,talkers,post,cumulative,True,elastic net,rules+timing,647,103,704,151,-0.008346727598240067,-0.41036358348746693,0.11115097184721058,-0.1112879371269675,-0.3348836153494219,0.038447603908942196
stage,middle,talkers,window,cumulative,True,elastic net,rules+timing,647,103,704,151,-0.005958243821883258,-0.399553102045169,0.11523598997630406,-0.06915297901324258,-0.25163262820987614,0.08268168888004054
stage,middle,talkers,pre,post,False,random forest,rules+timing,647,103,704,151,0.010838469196708278,-0.024807367870469447,0.04475785837785498,-0.0056080380229565074,-0.012122129059060464,0.0010332474056688591
stage,middle,talkers,pre,window,True,random forest,rules+timing,647,103,704,151,0.006556878064517768,-0.007084041487591589,0.05843465523219775,-0.00876657572057693,-0.015487551943735004,-0.001187377637089818
stage,middle,talkers,pre,cumulative,True,random forest,rules+timing,647,103,704,151,0.08723195100654402,-0.0932629500101611,0.1597782083995944,0.013504521723957552,-0.06001280511190581,0.07969439802583052
stage,middle,talkers,post,window,True,random forest,rules+timing,647,103,704,151,-0.00428159113219051,-0.017996598502495,0.037882577427237794,-0.0031585376976204227,-0.007024879292295022,0.0010745329429570694
stage,middle,talkers,post,cumulative,True,random forest,rules+timing,647,103,704,151,0.07639348180983574,-0.1188210236926677,0.14727897442328325,0.01911255974691406,-0.04296691508107673,0.08359749284728703
stage,middle,talkers,window,cumulative,True,random forest,rules+timing,647,103,704,151,0.08067507294202625,-0.14231460573149973,0.16530882221043794,0.022271097444534482,-0.046162058649083654,0.08746942303209737
stage,middle,talkers,pre,post,False,elastic net,rules+timing+momentum,647,103,704,151,-0.0015155342281621964,-0.015283641899978412,0.00281588886658864,-0.0023750584572497235,-0.009835607337347734,0.005649281293120588
stage,middle,talkers,pre,window,True,elastic net,rules+timing+momentum,647,103,704,151,-0.003829228630898074,-0.013829033847955164,0.0002931227086669869,0.0011452913721321512,-0.005857061765254584,0.008439012400194904
stage,middle,talkers,pre,cumulative,True,elastic net,rules+timing+momentum,647,103,704,151,0.004321848972196896,-0.01259249061724518,0.012994867766069127,-0.008211456804182449,-0.020132612705965662,0.002120469290362447
stage,middle,talkers,post,window,True,elastic net,rules+timing+momentum,647,103,704,151,-0.0023136944027358775,-0.0056635068093436715,0.0063726125898587475,0.0035203498293818747,-0.0017686840896545984,0.009301970237578438
stage,middle,talkers,post,cumulative,True,elastic net,rules+timing+momentum,647,103,704,151,0.005837383200359092,-0.004067419089134499,0.01869215975811666,-0.005836398346932725,-0.015400002645207226,0.0026519179410212984
stage,middle,talkers,window,cumulative,True,elastic net,rules+timing+momentum,647,103,704,151,0.00815107760309497,-0.003647639410342429,0.017197414278198316,-0.0093567481763146,-0.01899906561021273,-0.000877719510622068
stage,middle,talkers,pre,post,False,random forest,rules+timing+momentum,647,103,704,151,0.011931935819045614,-0.015300487471130242,0.02202997422917529,-0.0022363135924013955,-0.007962283678268674,0.003649115699769134
stage,middle,talkers,pre,window,True,random forest,rules+timing+momentum,647,103,704,151,0.01702562111784567,-0.006271630464722627,0.025757875680976913,-0.0010010381122022016,-0.007839920373951773,0.006769292935067531
stage,middle,talkers,pre,cumulative,True,random forest,rules+timing+momentum,647,103,704,151,0.033531057776872375,-0.2340196056843035,0.11072123714386706,-0.0033181503144162905,-0.028820230513307444,0.02287124221569709
stage,middle,talkers,post,window,True,random forest,rules+timing+momentum,647,103,704,151,0.005093685298800055,0.0003558493793644896,0.01908717142331225,0.0012352754801991939,-0.0033188903731345308,0.0067324736445631
stage,middle,talkers,post,cumulative,True,random forest,rules+timing+momentum,647,103,704,151,0.02159912195782676,-0.22954501066353106,0.09006370167912131,-0.001081836722014895,-0.02310383554708234,0.024364921092162838
stage,middle,talkers,window,cumulative,True,random forest,rules+timing+momentum,647,103,704,151,0.016505436659026707,-0.23548196481741676,0.08762563456364676,-0.002317112202214089,-0.025882493865860078,0.02360663925575285
stage,endgame,talkers,pre,post,False,elastic net,rules+timing,159,84,177,113,0.008427323389828656,-0.06057633533937437,0.09823688174482158,-0.03806099602150437,-0.13957183115343197,0.03016455879623339
stage,endgame,talkers,pre,window,True,elastic net,rules+timing,159,84,177,113,0.021034893273085498,-0.09022881107678438,0.15075789476120505,-0.04023599215322182,-0.27486721396349073,0.10787077861381904
stage,endgame,talkers,pre,cumulative,True,elastic net,rules+timing,159,84,177,113,0.023532534105383363,-0.12554376353983374,0.15880172021725192,0.11346594229126183,-0.15157548646557034,0.30446883131997576
stage,endgame,talkers,post,window,True,elastic net,rules+timing,159,84,177,113,0.012607569883256842,-0.10021829484756574,0.11205494413643542,-0.002174996131717455,-0.16210578620965632,0.12886058684185156
stage,endgame,talkers,post,cumulative,True,elastic net,rules+timing,159,84,177,113,0.015105210715554707,-0.13663415688260402,0.14420010410797765,0.1515269383127662,-0.07001307816843609,0.3210088317020164
stage,endgame,talkers,window,cumulative,True,elastic net,rules+timing,159,84,177,113,0.002497640832297865,-0.13045830376942033,0.12319272229565142,0.15370193444448366,-0.03192162664220153,0.3292246789703041
stage,endgame,talkers,pre,post,False,random forest,rules+timing,159,84,177,113,-0.031095317868152783,-0.06592996107515064,0.014919392480087133,-0.020169304564224833,-0.08500559379746772,0.03230592606015312
stage,endgame,talkers,pre,window,True,random forest,rules+timing,159,84,177,113,-0.00039267148328470114,-0.03833187768721286,0.07297835385848112,-0.020382541960247913,-0.06754111485123328,0.01916243690928419
stage,endgame,talkers,pre,cumulative,True,random forest,rules+timing,159,84,177,113,-0.02625256930135822,-0.14480266529069732,0.08193323259239045,0.10060170606642416,-0.024487729755883734,0.22210226320006887
stage,endgame,talkers,post,window,True,random forest,rules+timing,159,84,177,113,0.030702646384868082,-0.0022982366611882738,0.09189717915463204,-0.00021323739602308045,-0.045533987568071366,0.051461733786172505
stage,endgame,talkers,post,cumulative,True,random forest,rules+timing,159,84,177,113,0.0048427485667945636,-0.11256512649393567,0.10179213358562217,0.12077101063064899,0.005328238849556788,0.24659448148069146
stage,endgame,talkers,window,cumulative,True,random forest,rules+timing,159,84,177,113,-0.02585989781807352,-0.15660324071556792,0.07020393681431654,0.12098424802667207,-0.003329324392260998,0.24552270409297872
stage,endgame,talkers,pre,post,False,elastic net,rules+timing+momentum,159,84,177,113,-0.007753604089181909,-0.051285686352492255,0.030421547588043458,0.0027280196352467145,-0.025412303256653324,0.03595162309690288
stage,endgame,talkers,pre,window,True,elastic net,rules+timing+momentum,159,84,177,113,-0.0011649518848062534,-0.05394435845943033,0.038031658902820974,-0.011102379054885314,-0.041071676575831814,0.02015761530069907
stage,endgame,talkers,pre,cumulative,True,elastic net,rules+timing+momentum,159,84,177,113,0.009654627526028858,-0.04496278112591388,0.04907528945650835,-0.015383318405992719,-0.07548013755728787,0.031876527846839794
stage,endgame,talkers,post,window,True,elastic net,rules+timing+momentum,159,84,177,113,0.006588652204375656,-0.0289849093320255,0.030990679217889873,-0.013830398690132029,-0.03225467019432255,-0.0019380965856540956
stage,endgame,talkers,post,cumulative,True,elastic net,rules+timing+momentum,159,84,177,113,0.017408231615210767,-0.019516071617872503,0.035921100552037746,-0.018111338041239433,-0.07100227120070753,0.014872258802232344
stage,endgame,talkers,window,cumulative,True,elastic net,rules+timing+momentum,159,84,177,113,0.010819579410835112,-0.02645143204907393,0.036446310874859326,-0.0042809393511074045,-0.04666580468628975,0.02730222668187451
stage,endgame,talkers,pre,post,False,random forest,rules+timing+momentum,159,84,177,113,-0.0064033644468904916,-0.022985531620453806,0.018036682680727875,0.016995510435841132,-0.01231855612903425,0.042107714444288305
stage,endgame,talkers,pre,window,True,random forest,rules+timing+momentum,159,84,177,113,-0.009798251615631526,-0.02073643248358511,0.01189022890636857,-0.005008884639836508,-0.024495305870813673,0.013470506195175903
stage,endgame,talkers,pre,cumulative,True,random forest,rules+timing+momentum,159,84,177,113,-0.01360102799412688,-0.07952035159739532,0.027312195543797158,0.06362715848119882,0.006714350057871264,0.12158559557277224
stage,endgame,talkers,post,window,True,random forest,rules+timing+momentum,159,84,177,113,-0.0033948871687410342,-0.020607358483662287,0.02153033569604971,-0.02200439507567764,-0.04641928551435275,0.005529749595333992
stage,endgame,talkers,post,cumulative,True,random forest,rules+timing+momentum,159,84,177,113,-0.007197663547236388,-0.07709564477352343,0.03445834119066658,0.04663164804535769,-0.008139794676194073,0.10684982394945304
stage,endgame,talkers,window,cumulative,True,random forest,rules+timing+momentum,159,84,177,113,-0.003802776378495354,-0.08118314046259925,0.036576134965786246,0.06863604312103533,0.01566788483258382,0.12238977764003275
round_bin,round 2,talkers,pre,post,False,elastic net,rules+timing,79,79,85,85,-0.016948919087693914,-0.11594662954452314,0.0717010446710583,-0.03415179211873354,-0.07429790102349502,-0.004310562272297243
round_bin,round 2,talkers,pre,window,True,elastic net,rules+timing,79,79,85,85,-0.039877811419435805,-0.15850252792736283,0.06962931978245965,0.058817651747505195,-0.06387098801313378,0.2329078283383352
round_bin,round 2,talkers,pre,cumulative,True,elastic net,rules+timing,79,79,85,85,-0.02059485310404141,-0.1254907285575812,0.0828234761422836,-0.03415179211873354,-0.07726587885334746,-0.004124942864949367
round_bin,round 2,talkers,post,window,True,elastic net,rules+timing,79,79,85,85,-0.02292889233174189,-0.10686437298534825,0.05398351284238844,0.09296944386623873,-0.029771657042649557,0.2961635382778965
round_bin,round 2,talkers,post,cumulative,True,elastic net,rules+timing,79,79,85,85,-0.0036459340163474963,-0.07876662090501033,0.06667177325858474,0.0,0.0,0.0
round_bin,round 2,talkers,window,cumulative,True,elastic net,rules+timing,79,79,85,85,0.019282958315394394,-0.06465356078061535,0.10416611257811924,-0.09296944386623873,-0.28979707513405895,0.03120464896507612
round_bin,round 2,talkers,pre,post,False,random forest,rules+timing,79,79,85,85,0.0005294040581897974,-0.08819288435405208,0.09451591112553455,-0.05354485571948242,-0.10941652654051619,0.010651021882774517
round_bin,round 2,talkers,pre,window,True,random forest,rules+timing,79,79,85,85,-0.007300018832950617,-0.06300363889232366,0.054199337006669304,-0.028367206010824098,-0.0678578070426624,0.022691658997086698
round_bin,round 2,talkers,pre,cumulative,True,random forest,rules+timing,79,79,85,85,0.0014825688676665116,-0.07115486993993682,0.0785579784447574,-0.050589924196983604,-0.10118583252768769,0.0061695376096046585
round_bin,round 2,talkers,post,window,True,random forest,rules+timing,79,79,85,85,-0.007829422891140414,-0.07890167525317557,0.06641377828879336,0.025177649708658323,-0.018244027337198356,0.07133891217917061
round_bin,round 2,talkers,post,cumulative,True,random forest,rules+timing,79,79,85,85,0.0009531648094767142,-0.07901826415166883,0.08793604143580737,0.002954931522498816,-0.05000397906685017,0.051559535933691135
round_bin,round 2,talkers,window,cumulative,True,random forest,rules+timing,79,79,85,85,0.008782587700617128,-0.040232641922940196,0.05675551707082565,-0.022222718186159507,-0.06403564161237753,0.01122878950031884
round_bin,round 2,talkers,pre,post,False,elastic net,rules+timing+momentum,79,79,85,85,-0.16755185735648837,-0.35127816986167765,0.023781959621023308,-0.0910059664166355,-0.22503182514675277,0.08166125421358061
round_bin,round 2,talkers,pre,window,True,elastic net,rules+timing+momentum,79,79,85,85,-0.029624478361448103,-0.1982541678622174,0.1548665906727285,-0.011549037180955679,-0.12758041662425595,0.1526701483602628
round_bin,round 2,talkers,pre,cumulative,True,elastic net,rules+timing+momentum,79,79,85,85,-0.13879972551546393,-0.29840640668713175,0.012824184575700538,-0.0650143803992771,-0.1765538165552056,0.10123728790481208
round_bin,round 2,talkers,post,window,True,elastic net,rules+timing+momentum,79,79,85,85,0.13792737899504026,-0.026030413167284175,0.30880141603187194,0.07945692923567982,-0.07989191871422345,0.22554750107533464
round_bin,round 2,talkers,post,cumulative,True,elastic net,rules+timing+momentum,79,79,85,85,0.02875213184102443,-0.121723836869253,0.16839279899904963,0.025991586017358403,-0.12106758904483307,0.17484285673971914
round_bin,round 2,talkers,window,cumulative,True,elastic net,rules+timing+momentum,79,79,85,85,-0.10917524715401583,-0.23674962698597915,-0.005036752189675958,-0.053465343218321415,-0.1358391897890355,0.02933313617404876
round_bin,round 2,talkers,pre,post,False,random forest,rules+timing+momentum,79,79,85,85,-0.009241799384513305,-0.09481892443922037,0.08566062923256403,-0.020118904728025466,-0.06899910306328817,0.035014153780430456
round_bin,round 2,talkers,pre,window,True,random forest,rules+timing+momentum,79,79,85,85,-0.0014318002798201501,-0.05332479228172344,0.052334682413492255,-7.697919772264861e-05,-0.037323985995655354,0.046768818272453855
round_bin,round 2,talkers,pre,cumulative,True,random forest,rules+timing+momentum,79,79,85,85,-0.022960017981123904,-0.0849714488816457,0.04327785661781551,-0.02269179391028897,-0.0627063002313097,0.022503289513608794
round_bin,round 2,talkers,post,window,True,random forest,rules+timing+momentum,79,79,85,85,0.007809999104693155,-0.06478161796170158,0.07995376317381507,0.020041925530302818,-0.01439818554156946,0.05630137088057585
round_bin,round 2,talkers,post,cumulative,True,random forest,rules+timing+momentum,79,79,85,85,-0.013718218596610599,-0.08253818696032883,0.05954530838667385,-0.0025728891822635047,-0.0438268989359162,0.035355822420413546
round_bin,round 2,talkers,window,cumulative,True,random forest,rules+timing+momentum,79,79,85,85,-0.021528217701303753,-0.07029231153841067,0.0261629639146768,-0.022614814712566322,-0.0527710326187927,0.0027122666304747077
round_bin,round 3,talkers,pre,post,False,elastic net,rules+timing,80,80,84,84,-0.02044378151904014,-0.0994796595185906,0.04577471654572678,0.0,0.0,0.0
round_bin,round 3,talkers,pre,window,True,elastic net,rules+timing,80,80,84,84,-0.09835673928373856,-0.20056837625143067,0.015452236318725025,-0.055314702004355065,-0.11016527413461372,0.002596281438286717
round_bin,round 3,talkers,pre,cumulative,True,elastic net,rules+timing,80,80,84,84,-0.1707188311707456,-0.3479846122859688,0.0639008188555914,-0.04997169416318048,-0.1935583438127212,0.12801146155645998
round_bin,round 3,talkers,post,window,True,elastic net,rules+timing,80,80,84,84,-0.07791295776469842,-0.15949135706651044,0.02820115345093697,-0.055314702004355065,-0.1098187740317109,0.0015437033346885503
round_bin,round 3,talkers,post,cumulative,True,elastic net,rules+timing,80,80,84,84,-0.15027504965170546,-0.3095337477934962,0.07864496767203018,-0.04997169416318048,-0.18334798794793353,0.1316553773323155
round_bin,round 3,talkers,window,cumulative,True,elastic net,rules+timing,80,80,84,84,-0.07236209188700704,-0.19808596785568794,0.11298686445983061,0.005343007841174585,-0.11502722186382354,0.16428928105035387
round_bin,round 3,talkers,pre,post,False,random forest,rules+timing,80,80,84,84,-0.05314381836311144,-0.11041312588135778,0.015126141395349825,-0.10334000815478028,-0.1657856701039374,-0.04210955128090596
round_bin,round 3,talkers,pre,window,True,random forest,rules+timing,80,80,84,84,-0.05765676294558075,-0.1262800784665874,0.024507070855634014,-0.022448275645307936,-0.09296086830758535,0.026397216456917963
round_bin,round 3,talkers,pre,cumulative,True,random forest,rules+timing,80,80,84,84,-0.1677030048617686,-0.24419168513352263,-0.06906338168633831,0.019294486108498266,-0.00018403202093278387,0.039172762626487584
round_bin,round 3,talkers,post,window,True,random forest,rules+timing,80,80,84,84,-0.004512944582469314,-0.06205783741639327,0.0592438277628555,0.08089173250947235,0.010813200551181412,0.13445788995492478
round_bin,round 3,talkers,post,cumulative,True,random forest,rules+timing,80,80,84,84,-0.11455918649865715,-0.18825815492148668,-0.027129889938184125,0.12263449426327855,0.06609301353596791,0.1886836427605198
round_bin,round 3,talkers,window,cumulative,True,random forest,rules+timing,80,80,84,84,-0.11004624191618784,-0.1762392103920784,-0.046587847929381476,0.0417427617538062,-0.007553201598351006,0.1209115300746389
round_bin,round 3,talkers,pre,post,False,elastic net,rules+timing+momentum,80,80,84,84,0.017588443634561912,-0.034877529310634516,0.06979686754190775,-0.03274736265680478,-0.04943918361604049,-0.008833374640673634
round_bin,round 3,talkers,pre,window,True,elastic net,rules+timing+momentum,80,80,84,84,-0.02623699797460821,-0.07948697482203029,0.03609750708824525,0.0005872840314615768,-0.04563238958820333,0.03548425910164133
round_bin,round 3,talkers,pre,cumulative,True,elastic net,rules+timing+momentum,80,80,84,84,0.027257344514254322,-0.04467261162564072,0.1230287371431581,-0.021860389012503645,-0.07819773320236822,0.018432455189915306
round_bin,round 3,talkers,post,window,True,elastic net,rules+timing+momentum,80,80,84,84,-0.043825441609170124,-0.10068499905640245,0.015888441059499984,0.033334646688266356,-0.017268417611766833,0.06403029181757239
round_bin,round 3,talkers,post,cumulative,True,elastic net,rules+timing+momentum,80,80,84,84,0.00966890087969241,-0.058833341292771575,0.09520446609533385,0.010886973644301134,-0.043308868465866256,0.04963216762557385
round_bin,round 3,talkers,window,cumulative,True,elastic net,rules+timing+momentum,80,80,84,84,0.053494342488862534,-0.011361947123983496,0.13676829017932038,-0.02244767304396522,-0.06364446253869004,0.026033583516614927
round_bin,round 3,talkers,pre,post,False,random forest,rules+timing+momentum,80,80,84,84,-0.0523795637096115,-0.1057458210228609,-0.0002994861470246148,-0.07202603227190396,-0.11249950133641282,-0.028597081757873816
round_bin,round 3,talkers,pre,window,True,random forest,rules+timing+momentum,80,80,84,84,-0.06946380317001033,-0.11120642526969793,-0.021231392119698742,-0.013808200486196132,-0.05949495990845401,0.021254779063736684
round_bin,round 3,talkers,pre,cumulative,True,random forest,rules+timing+momentum,80,80,84,84,-0.1455074338639244,-0.1946890148007717,-0.09128487877468364,-0.041446682413715075,-0.08857359073030266,0.01830539000172977
round_bin,round 3,talkers,post,window,True,random forest,rules+timing+momentum,80,80,84,84,-0.01708423946039883,-0.06024850830676979,0.025870163220359784,0.05821783178570783,0.014455591663662623,0.0961769603621017
round_bin,round 3,talkers,post,cumulative,True,random forest,rules+timing+momentum,80,80,84,84,-0.0931278701543129,-0.14840502386796858,-0.03780030271437135,0.030579349858188887,-0.008672255909817073,0.07136790178647204
round_bin,round 3,talkers,window,cumulative,True,random forest,rules+timing+momentum,80,80,84,84,-0.07604363069391407,-0.11960754870079257,-0.03456950174185005,-0.027638481927518943,-0.06579660481903701,0.030274720636929764
round_bin,rounds 4-6,talkers,pre,post,False,elastic net,rules+timing,191,94,207,129,-0.10080394107684798,-0.20617819504559817,-0.018077798570660226,0.008378505778898315,-0.05274124738462356,0.07729113564544013
round_bin,rounds 4-6,talkers,pre,window,True,elastic net,rules+timing,191,94,207,129,-0.07655644047170207,-0.183362738929844,0.014585125189752433,0.01727871173168749,-0.09862352130781195,0.15976199534050245
round_bin,rounds 4-6,talkers,pre,cumulative,True,elastic net,rules+timing,191,94,207,129,0.019329242372402078,-0.10148771483538316,0.11324381095163712,0.03734197234177916,-0.048050410285311235,0.11625184750616882
round_bin,rounds 4-6,talkers,post,window,True,elastic net,rules+timing,191,94,207,129,0.02424750060514591,-0.03877997855172728,0.10078661146884318,0.008900205952789175,-0.08705400238196884,0.1127336762125116
round_bin,rounds 4-6,talkers,post,cumulative,True,elastic net,rules+timing,191,94,207,129,0.12013318344925006,0.02096274948001922,0.2059345166362437,0.028963466562880846,-0.0674930947406709,0.11363949815384515
round_bin,rounds 4-6,talkers,window,cumulative,True,elastic net,rules+timing,191,94,207,129,0.09588568284410415,-0.010803612437215976,0.17641286721555166,0.02006326061009167,-0.14481193346084942,0.15316257425616642
round_bin,rounds 4-6,talkers,pre,post,False,random forest,rules+timing,191,94,207,129,-0.0077132022573609405,-0.059476928182392606,0.05122388891750381,-0.006861834016032131,-0.041092273971245145,0.028597260294559456
round_bin,rounds 4-6,talkers,pre,window,True,random forest,rules+timing,191,94,207,129,-0.0379869250242344,-0.0865468009296907,0.022716439699629238,-0.022010613741723972,-0.06195744257320093,0.025348802487677846
round_bin,rounds 4-6,talkers,pre,cumulative,True,random forest,rules+timing,191,94,207,129,0.01571954268550002,-0.07187554858846923,0.10949800343395201,-0.01820969434201769,-0.07053131111103518,0.038987847476682734
round_bin,rounds 4-6,talkers,post,window,True,random forest,rules+timing,191,94,207,129,-0.030273722766873457,-0.06096945712291274,0.0015028398827389288,-0.015148779725691841,-0.035881672109313534,0.01057495319877756
round_bin,rounds 4-6,talkers,post,cumulative,True,random forest,rules+timing,191,94,207,129,0.02343274494286096,-0.06574437110010742,0.09512429804686988,-0.01134786032598556,-0.05232375651429913,0.030937092025082005
round_bin,rounds 4-6,talkers,window,cumulative,True,random forest,rules+timing,191,94,207,129,0.05370646770973442,-0.030062099902520095,0.1290361311749197,0.003800919399706282,-0.04748107854555442,0.05289391149378145
round_bin,rounds 4-6,talkers,pre,post,False,elastic net,rules+timing+momentum,191,94,207,129,-0.009640304023674107,-0.06448595786505718,0.02285788159601719,-0.05999243242501806,-0.12264374105617823,-0.008490184274069543
round_bin,rounds 4-6,talkers,pre,window,True,elastic net,rules+timing+momentum,191,94,207,129,-0.005312733688683013,-0.05427143381338961,0.030445303039764213,-0.06285344519492841,-0.1266163547177343,-0.011535289893526406
round_bin,rounds 4-6,talkers,pre,cumulative,True,elastic net,rules+timing+momentum,191,94,207,129,0.007185123552002071,-0.039641193916858164,0.04488584256359715,-0.05604702411605522,-0.1175345703767644,-0.006216922344967473
round_bin,rounds 4-6,talkers,post,window,True,elastic net,rules+timing+momentum,191,94,207,129,0.004327570334991093,-0.011032607077346346,0.0242678735291193,-0.002861012769910354,-0.018063966688329883,0.010234748084670429
round_bin,rounds 4-6,talkers,post,cumulative,True,elastic net,rules+timing+momentum,191,94,207,129,0.016825427575676177,-0.005974205775127295,0.04443882329773049,0.003945408308962839,-0.01713133714987435,0.023924385896591426
round_bin,rounds 4-6,talkers,window,cumulative,True,elastic net,rules+timing+momentum,191,94,207,129,0.012497857240685084,-0.015532094512231314,0.04204459759343268,0.006806421078873193,-0.012465889883998554,0.023530887582493047
round_bin,rounds 4-6,talkers,pre,post,False,random forest,rules+timing+momentum,191,94,207,129,-0.01151495041002204,-0.03971418182774136,0.014953450173780776,-0.016162612016718314,-0.03459608284683812,0.004985957982201868
round_bin,rounds 4-6,talkers,pre,window,True,random forest,rules+timing+momentum,191,94,207,129,-0.004749738510478219,-0.035386542054075265,0.021030513134257696,-0.01822958485633308,-0.03734450379033452,0.002589311483614121
round_bin,rounds 4-6,talkers,pre,cumulative,True,random forest,rules+timing+momentum,191,94,207,129,0.039242837318710366,-0.01702122864373743,0.08265787555749922,-0.004909571284525516,-0.028194476156674423,0.024100903720654748
round_bin,rounds 4-6,talkers,post,window,True,random forest,rules+timing+momentum,191,94,207,129,0.0067652118995438215,-0.008796221426998424,0.02019249175637659,-0.002066972839614767,-0.010539708344307447,0.007710150688556419
round_bin,rounds 4-6,talkers,post,cumulative,True,random forest,rules+timing+momentum,191,94,207,129,0.050757787728732406,0.00973771523910825,0.08831754556922641,0.011253040732192798,-0.006384100614778448,0.031832774757444594
round_bin,rounds 4-6,talkers,window,cumulative,True,random forest,rules+timing+momentum,191,94,207,129,0.043992575829188585,0.0028331508178780773,0.08168741370555593,0.013320013571807565,-0.006029392941947614,0.03285443182081352
round_bin,rounds 7-10,talkers,pre,post,False,elastic net,rules+timing,185,82,216,102,-0.001075184593394063,-0.07218086720661789,0.0565214775478845,0.01704056583296798,-0.03354725363309142,0.06057430086406836
round_bin,rounds 7-10,talkers,pre,window,True,elastic net,rules+timing,185,82,216,102,-0.01562743785776388,-0.1264546192224398,0.09122495771250691,0.08242395263190572,-0.019329064969237288,0.21968231870450605
round_bin,rounds 7-10,talkers,pre,cumulative,True,elastic net,rules+timing,185,82,216,102,0.16850003247735446,0.04498985595406985,0.3915541753562697,-0.05318606184104824,-0.24046164790735464,0.08458266681743067
round_bin,rounds 7-10,talkers,post,window,True,elastic net,rules+timing,185,82,216,102,-0.014552253264369819,-0.10134099170598339,0.0951298959741769,0.06538338679893774,-0.054022417818307376,0.22363518048897996
round_bin,rounds 7-10,talkers,post,cumulative,True,elastic net,rules+timing,185,82,216,102,0.16957521707074852,0.05620099747401126,0.37340470039723844,-0.07022662767401622,-0.23399933881536325,0.05270619466609523
round_bin,rounds 7-10,talkers,window,cumulative,True,elastic net,rules+timing,185,82,216,102,0.18412747033511834,0.043455497641313935,0.39484051477439575,-0.13561001447295395,-0.4061799912234827,0.06622768046143913
round_bin,rounds 7-10,talkers,pre,post,False,random forest,rules+timing,185,82,216,102,-0.008872924626707857,-0.06609089235464574,0.02520053064117277,-0.003551875396016646,-0.03574860862055207,0.033888724158533216
round_bin,rounds 7-10,talkers,pre,window,True,random forest,rules+timing,185,82,216,102,0.008677303950736182,-0.043769998487309524,0.04495136180636416,-0.0283030978165707,-0.06988170069838683,0.02303020426231431
round_bin,rounds 7-10,talkers,pre,cumulative,True,random forest,rules+timing,185,82,216,102,0.06643155182471983,-0.02320448550721217,0.14395142057758792,-0.03125335913227156,-0.1177428710893278,0.04554169455772558
round_bin,rounds 7-10,talkers,post,window,True,random forest,rules+timing,185,82,216,102,0.017550228577444038,-0.00453213872312759,0.049267324140864224,-0.024751222420554053,-0.05613674128486881,0.012913531651967857
round_bin,rounds 7-10,talkers,post,cumulative,True,random forest,rules+timing,185,82,216,102,0.07530447645142768,0.010886335256126667,0.1536838741582431,-0.027701483736254917,-0.10704053760934411,0.038148561482697546
round_bin,rounds 7-10,talkers,window,cumulative,True,random forest,rules+timing,185,82,216,102,0.057754247873983644,-0.017189416067057907,0.1468640619361689,-0.002950261315700864,-0.08786737996215721,0.06911257941291192
round_bin,rounds 7-10,talkers,pre,post,False,elastic net,rules+timing+momentum,185,82,216,102,0.00673602954828223,-0.0006509625234993987,0.015604954560758286,-2.2637567733241326e-05,-0.0012502527549709097,0.001261020768433521
round_bin,rounds 7-10,talkers,pre,window,True,elastic net,rules+timing+momentum,185,82,216,102,0.025341736288438832,0.002133874679378234,0.07096297937763475,0.0055977707902235,-0.0029420745921066387,0.015516255153148702
round_bin,rounds 7-10,talkers,pre,cumulative,True,elastic net,rules+timing+momentum,185,82,216,102,0.01147675336381826,-0.00950318186278569,0.033018026609113675,0.030779396647088175,0.011825130908673554,0.0528399595958997
round_bin,rounds 7-10,talkers,post,window,True,elastic net,rules+timing+momentum,185,82,216,102,0.018605706740156602,-0.00612719054983703,0.06620850811807887,0.005620408357956741,-0.0030160177114420426,0.015813341586016556
round_bin,rounds 7-10,talkers,post,cumulative,True,elastic net,rules+timing+momentum,185,82,216,102,0.00474072381553603,-0.016036351060822053,0.025166416143280707,0.030802034214821417,0.013055949778480295,0.052875435048495935
round_bin,rounds 7-10,talkers,window,cumulative,True,elastic net,rules+timing+momentum,185,82,216,102,-0.013864982924620572,-0.05728299546587917,0.010208872354245483,0.025181625856864676,0.002668351415909526,0.049115461276144246
round_bin,rounds 7-10,talkers,pre,post,False,random forest,rules+timing+momentum,185,82,216,102,-0.006906772692058638,-0.04437073875102831,0.01781063524411899,0.010256153793685385,-0.011330727908128313,0.03493416562980445
round_bin,rounds 7-10,talkers,pre,window,True,random forest,rules+timing+momentum,185,82,216,102,-0.00077611217220519,-0.03629735639158576,0.022969867341823012,-0.0014731451307168353,-0.0211159904246059,0.025989672040858683
round_bin,rounds 7-10,talkers,pre,cumulative,True,random forest,rules+timing+momentum,185,82,216,102,0.024939216496399408,-0.038030324441414104,0.06691311822132624,0.0076126409142356355,-0.02615957987449956,0.04153919266274539
round_bin,rounds 7-10,talkers,post,window,True,random forest,rules+timing+momentum,185,82,216,102,0.006130660519853448,-0.002385289634085258,0.022818889229840114,-0.01172929892440222,-0.024376607883093232,0.0024651741935208162
round_bin,rounds 7-10,talkers,post,cumulative,True,random forest,rules+timing+momentum,185,82,216,102,0.031845989188458046,-0.0071435051694740985,0.05929404477418851,-0.0026435128794497498,-0.03305820197952464,0.025695454077088193
round_bin,rounds 7-10,talkers,window,cumulative,True,random forest,rules+timing+momentum,185,82,216,102,0.025715328668604598,-0.019319156867577954,0.0520155864476465,0.00908578604495247,-0.019033939915962875,0.03339833268492245
round_bin,rounds 11+,talkers,pre,post,False,elastic net,rules+timing,422,79,458,118,-0.07310541417424887,-0.7017910536626863,0.009812701062720315,0.0,0.0,0.0
round_bin,rounds 11+,talkers,pre,window,True,elastic net,rules+timing,422,79,458,118,-0.08169646450454748,-0.7196252536118474,0.026830894349193665,0.0,0.0,0.0
round_bin,rounds 11+,talkers,pre,cumulative,True,elastic net,rules+timing,422,79,458,118,-0.09087760791915467,-1.2225934562482421,0.37423622728694583,0.0,0.0,0.0
round_bin,rounds 11+,talkers,post,window,True,elastic net,rules+timing,422,79,458,118,-0.00859105033029861,-0.06640740408876503,0.02233841555901645,0.0,0.0,0.0
round_bin,rounds 11+,talkers,post,cumulative,True,elastic net,rules+timing,422,79,458,118,-0.017772193744905795,-0.6032613169381931,0.3980951978044075,0.0,0.0,0.0
round_bin,rounds 11+,talkers,window,cumulative,True,elastic net,rules+timing,422,79,458,118,-0.009181143414607185,-0.5134907520508005,0.3457968955475964,0.0,0.0,0.0
round_bin,rounds 11+,talkers,pre,post,False,random forest,rules+timing,422,79,458,118,0.034374025001986386,-0.017285713280393432,0.048651364707775924,0.0,0.0,0.0
round_bin,rounds 11+,talkers,pre,window,True,random forest,rules+timing,422,79,458,118,0.022392696901423426,0.0008900274547734233,0.049321261778402306,0.0,0.0,0.0
round_bin,rounds 11+,talkers,pre,cumulative,True,random forest,rules+timing,422,79,458,118,0.1304714417367452,0.053040847883477536,0.3966130724222908,0.020288636905544166,-0.07817125325723254,0.1160779250819664
round_bin,rounds 11+,talkers,post,window,True,random forest,rules+timing,422,79,458,118,-0.01198132810056296,-0.0303790476901638,0.049692961677781367,0.0,0.0,0.0
round_bin,rounds 11+,talkers,post,cumulative,True,random forest,rules+timing,422,79,458,118,0.0960974167347588,0.02912547860248756,0.38099954726820157,0.020288636905544166,-0.07552724404349213,0.11772799379753017
round_bin,rounds 11+,talkers,window,cumulative,True,random forest,rules+timing,422,79,458,118,0.10807874483532176,0.028330315057586552,0.36657587437516664,0.020288636905544166,-0.08122580607866657,0.11897909540293362
round_bin,rounds 11+,talkers,pre,post,False,elastic net,rules+timing+momentum,422,79,458,118,0.0014544384307249025,-0.007846054799191315,0.015597318971175838,-0.005462614050714576,-0.017345701537532034,0.005101511261178157
round_bin,rounds 11+,talkers,pre,window,True,elastic net,rules+timing+momentum,422,79,458,118,0.004868228629240967,-0.012514855025896396,0.008969692815104433,0.007165665136954491,-0.0012938452284294354,0.018856314689680236
round_bin,rounds 11+,talkers,pre,cumulative,True,elastic net,rules+timing+momentum,422,79,458,118,0.010652860195130676,-0.02195262195719099,0.01876484652737446,-0.01227318514576392,-0.0298601202185695,0.0017754566508873567
round_bin,rounds 11+,talkers,post,window,True,elastic net,rules+timing+momentum,422,79,458,118,0.0034137901985160646,-0.018295096384884527,0.007293123068820333,0.012628279187669067,0.003298696319696473,0.024706255398265816
round_bin,rounds 11+,talkers,post,cumulative,True,elastic net,rules+timing+momentum,422,79,458,118,0.009198421764405773,-0.028536151528454616,0.016949635871127147,-0.006810571095049345,-0.020230766218247133,0.0035917136156945694
round_bin,rounds 11+,talkers,window,cumulative,True,elastic net,rules+timing+momentum,422,79,458,118,0.0057846315658897085,-0.017253454886591447,0.010995938441454023,-0.019438850282718412,-0.039696464819554356,-0.0037761934025307043
round_bin,rounds 11+,talkers,pre,post,False,random forest,rules+timing+momentum,422,79,458,118,0.009464764504531709,-0.039347848263242426,0.019330123845759977,-0.002121954140957838,-0.01122721174367885,0.007334211378468792
round_bin,rounds 11+,talkers,pre,window,True,random forest,rules+timing+momentum,422,79,458,118,0.00292224355636439,-0.030609407647441328,0.009971889635711509,-0.004448662395094782,-0.012843539743356572,0.004625023790204561
round_bin,rounds 11+,talkers,pre,cumulative,True,random forest,rules+timing+momentum,422,79,458,118,-0.0052560883993095775,-0.31206037268317866,0.11348505654644439,0.15254648928848358,0.057102719359038684,0.23664930653835847
round_bin,rounds 11+,talkers,post,window,True,random forest,rules+timing+momentum,422,79,458,118,-0.0065425209481673186,-0.013067531156082942,0.01111424136428932,-0.0023267082541369444,-0.010606468787548218,0.005882710128334749
round_bin,rounds 11+,talkers,post,cumulative,True,random forest,rules+timing+momentum,422,79,458,118,-0.014720852903841286,-0.2551494487867944,0.10566344477094075,0.15466844342944142,0.06735008969742466,0.23505866861069677
round_bin,rounds 11+,talkers,window,cumulative,True,random forest,rules+timing+momentum,422,79,458,118,-0.008178331955673968,-0.2889083448853521,0.10473558350357301,0.15699515168357836,0.06573558899563484,0.24442094587438276
