binning,bin,block,block_meaning,sample,n_rounds,n_games,n_rounds_heldout,n_games_heldout,median_rounds_per_game,median_rounds_per_game_heldout,analysed,skip_reason
all,all rounds,pre,"this round, before the outcome",channel,2913,181,4170,275,16.0,15.0,True,
all,all rounds,pre,"this round, before the outcome",talkers,1162,143,1382,222,6.0,5.0,True,
all,all rounds,post,"last round, after the outcome",channel,2913,181,4170,275,16.0,15.0,True,
all,all rounds,post,"last round, after the outcome",talkers,1487,145,1904,229,8.0,7.0,True,
all,all rounds,window,the whole gap between the two: post + pre,channel,2913,181,4170,275,16.0,15.0,True,
all,all rounds,window,the whole gap between the two: post + pre,talkers,1692,148,2236,233,10.0,8.0,True,
all,all rounds,cumulative,every message so far this game,channel,2913,181,4170,275,16.0,15.0,True,
all,all rounds,cumulative,every message so far this game,talkers,2359,148,3410,233,16.0,15.0,True,
stage,opening,pre,"this round, before the outcome",channel,502,172,825,275,3.0,3.0,True,
stage,opening,pre,"this round, before the outcome",talkers,257,120,341,173,2.0,2.0,True,
stage,opening,post,"last round, after the outcome",channel,502,172,825,275,3.0,3.0,True,
stage,opening,post,"last round, after the outcome",talkers,204,117,260,162,2.0,2.0,True,
stage,opening,window,the whole gap between the two: post + pre,channel,502,172,825,275,3.0,3.0,True,
stage,opening,window,the whole gap between the two: post + pre,talkers,310,128,432,188,3.0,2.5,True,
stage,opening,cumulative,every message so far this game,channel,502,172,825,275,3.0,3.0,True,
stage,opening,cumulative,every message so far this game,talkers,330,128,473,188,3.0,3.0,True,
stage,middle,pre,"this round, before the outcome",channel,1868,154,2520,205,12.0,13.0,True,
stage,middle,pre,"this round, before the outcome",talkers,715,108,817,165,5.0,4.0,True,
stage,middle,post,"last round, after the outcome",channel,1868,154,2520,205,12.0,13.0,True,
stage,middle,post,"last round, after the outcome",talkers,1023,116,1280,179,8.0,7.0,True,
stage,middle,window,the whole gap between the two: post + pre,channel,1868,154,2520,205,12.0,13.0,True,
stage,middle,window,the whole gap between the two: post + pre,talkers,1091,117,1393,182,8.0,7.0,True,
stage,middle,cumulative,every message so far this game,channel,1868,154,2520,205,12.0,13.0,True,
stage,middle,cumulative,every message so far this game,talkers,1589,130,2243,187,13.0,12.0,True,
stage,endgame,pre,"this round, before the outcome",channel,543,181,825,275,3.0,3.0,True,
stage,endgame,pre,"this round, before the outcome",talkers,190,100,224,137,2.0,1.0,True,
stage,endgame,post,"last round, after the outcome",channel,543,181,825,275,3.0,3.0,True,
stage,endgame,post,"last round, after the outcome",talkers,260,112,364,173,3.0,2.0,True,
stage,endgame,window,the whole gap between the two: post + pre,channel,543,181,825,275,3.0,3.0,True,
stage,endgame,window,the whole gap between the two: post + pre,talkers,291,117,411,185,3.0,2.0,True,
stage,endgame,cumulative,every message so far this game,channel,543,181,825,275,3.0,3.0,True,
stage,endgame,cumulative,every message so far this game,talkers,440,148,694,233,3.0,3.0,True,
round_bin,round 1,pre,"this round, before the outcome",channel,181,181,275,275,1.0,1.0,True,
round_bin,round 1,pre,"this round, before the outcome",talkers,92,92,116,116,1.0,1.0,True,
round_bin,round 1,post,"last round, after the outcome",channel,181,181,275,275,1.0,1.0,True,
round_bin,round 1,post,"last round, after the outcome",talkers,0,0,0,0,,,False,no learning rounds in this cell
round_bin,round 1,window,the whole gap between the two: post + pre,channel,181,181,275,275,1.0,1.0,True,
round_bin,round 1,window,the whole gap between the two: post + pre,talkers,92,92,116,116,1.0,1.0,True,
round_bin,round 1,cumulative,every message so far this game,channel,181,181,275,275,1.0,1.0,True,
round_bin,round 1,cumulative,every message so far this game,talkers,92,92,116,116,1.0,1.0,True,
round_bin,round 2,pre,"this round, before the outcome",channel,181,181,275,275,1.0,1.0,True,
round_bin,round 2,pre,"this round, before the outcome",talkers,91,91,117,117,1.0,1.0,True,
round_bin,round 2,post,"last round, after the outcome",channel,181,181,275,275,1.0,1.0,True,
round_bin,round 2,post,"last round, after the outcome",talkers,106,106,127,127,1.0,1.0,True,
round_bin,round 2,window,the whole gap between the two: post + pre,channel,181,181,275,275,1.0,1.0,True,
round_bin,round 2,window,the whole gap between the two: post + pre,talkers,118,118,159,159,1.0,1.0,True,
round_bin,round 2,cumulative,every message so far this game,channel,181,181,275,275,1.0,1.0,True,
round_bin,round 2,cumulative,every message so far this game,talkers,124,124,169,169,1.0,1.0,True,
round_bin,round 3,pre,"this round, before the outcome",channel,181,181,275,275,1.0,1.0,True,
round_bin,round 3,pre,"this round, before the outcome",talkers,86,86,108,108,1.0,1.0,True,
round_bin,round 3,post,"last round, after the outcome",channel,181,181,275,275,1.0,1.0,True,
round_bin,round 3,post,"last round, after the outcome",talkers,111,111,133,133,1.0,1.0,True,
round_bin,round 3,window,the whole gap between the two: post + pre,channel,181,181,275,275,1.0,1.0,True,
round_bin,round 3,window,the whole gap between the two: post + pre,talkers,117,117,157,157,1.0,1.0,True,
round_bin,round 3,cumulative,every message so far this game,channel,181,181,275,275,1.0,1.0,True,
round_bin,round 3,cumulative,every message so far this game,talkers,133,133,188,188,1.0,1.0,True,
round_bin,rounds 4-6,pre,"this round, before the outcome",channel,502,172,825,275,3.0,3.0,True,
round_bin,rounds 4-6,pre,"this round, before the outcome",talkers,208,102,249,150,2.0,1.0,True,
round_bin,rounds 4-6,post,"last round, after the outcome",channel,502,172,825,275,3.0,3.0,True,
round_bin,rounds 4-6,post,"last round, after the outcome",talkers,289,116,405,183,3.0,2.0,True,
round_bin,rounds 4-6,window,the whole gap between the two: post + pre,channel,502,172,825,275,3.0,3.0,True,
round_bin,rounds 4-6,window,the whole gap between the two: post + pre,talkers,306,121,447,197,3.0,2.0,True,
round_bin,rounds 4-6,cumulative,every message so far this game,channel,502,172,825,275,3.0,3.0,True,
round_bin,rounds 4-6,cumulative,every message so far this game,talkers,403,139,635,220,3.0,3.0,True,
round_bin,rounds 7-10,pre,"this round, before the outcome",channel,580,154,776,205,4.0,4.0,True,
round_bin,rounds 7-10,pre,"this round, before the outcome",talkers,215,93,255,122,2.0,2.0,True,
round_bin,rounds 7-10,post,"last round, after the outcome",channel,580,154,776,205,4.0,4.0,True,
round_bin,rounds 7-10,post,"last round, after the outcome",talkers,314,107,395,158,3.0,2.0,True,
round_bin,rounds 7-10,window,the whole gap between the two: post + pre,channel,580,154,776,205,4.0,4.0,True,
round_bin,rounds 7-10,window,the whole gap between the two: post + pre,talkers,344,109,434,164,4.0,3.0,True,
round_bin,rounds 7-10,cumulative,every message so far this game,channel,580,154,776,205,4.0,4.0,True,
round_bin,rounds 7-10,cumulative,every message so far this game,talkers,485,130,684,183,4.0,4.0,True,
round_bin,rounds 11+,pre,"this round, before the outcome",channel,1288,126,1744,183,10.0,9.0,True,
round_bin,rounds 11+,pre,"this round, before the outcome",talkers,470,83,537,130,4.0,3.0,True,
round_bin,rounds 11+,post,"last round, after the outcome",channel,1288,126,1744,183,10.0,9.0,True,
round_bin,rounds 11+,post,"last round, after the outcome",talkers,667,88,844,151,6.0,5.0,True,
round_bin,rounds 11+,window,the whole gap between the two: post + pre,channel,1288,126,1744,183,10.0,9.0,True,
round_bin,rounds 11+,window,the whole gap between the two: post + pre,talkers,715,90,923,153,6.0,5.0,True,
round_bin,rounds 11+,cumulative,every message so far this game,channel,1288,126,1744,183,10.0,9.0,True,
round_bin,rounds 11+,cumulative,every message so far this game,talkers,1122,106,1618,172,10.5,9.0,True,
