binning,bin,block,sample,block_meaning,model_family,controls,n_rounds,n_games,n_rounds_heldout,n_games_heldout,delta_cv_r2,ci_low,ci_high,delta_heldout_r2,ci_low_heldout,ci_high_heldout
all,all rounds,pre,talkers,"this round, before the outcome",elastic net,rules+timing,957,128,1050,191,-0.0042924938995010375,-0.030369375180091994,0.052510603765710206,0.002838826104861747,-0.014880301497769038,0.017791487250670316
all,all rounds,post,talkers,"last round, after the outcome",elastic net,rules+timing,957,128,1050,191,-0.031223554534791087,-0.07548682886474914,0.043253224349779226,0.004581285609835062,-0.02357942561766126,0.03146575866067086
all,all rounds,window,talkers,the whole gap between the two: post + pre,elastic net,rules+timing,957,128,1050,191,-0.03382199025270294,-0.07947490816692114,0.07319381813174432,0.024831640551602696,-0.0019965432280680956,0.05036720436893042
all,all rounds,cumulative,talkers,every message so far this game,elastic net,rules+timing,957,128,1050,191,-0.12723425949008205,-0.24585819411216264,0.13823668488864832,0.07256146156183241,-0.061682771861519284,0.24193921886559827
all,all rounds,pre,talkers,"this round, before the outcome",random forest,rules+timing,957,128,1050,191,0.008352361536641872,-0.03207925144010117,0.024003124852511673,0.0009899023524787554,-0.005203735308576596,0.006935854960911091
all,all rounds,post,talkers,"last round, after the outcome",random forest,rules+timing,957,128,1050,191,0.00445840066473302,-0.014418415258139798,0.023729829789549843,0.010322077997228174,0.0016458858097858438,0.018367171084960485
all,all rounds,window,talkers,the whole gap between the two: post + pre,random forest,rules+timing,957,128,1050,191,0.005499585296479204,-0.01659508801042923,0.048650955628711676,0.012302869792768845,0.005424295278893787,0.01899662995994241
all,all rounds,cumulative,talkers,every message so far this game,random forest,rules+timing,957,128,1050,191,-0.019298174331153994,-0.12086146067338589,0.18884219996932,0.029557605391788755,-0.01642180670325196,0.08365391087940262
all,all rounds,pre,talkers,"this round, before the outcome",elastic net,rules+timing+momentum,957,128,1050,191,-0.003030243473409411,-0.009395315220027423,0.004797610202792591,-0.0011186044820181706,-0.007208676228230538,0.004649945303488417
all,all rounds,post,talkers,"last round, after the outcome",elastic net,rules+timing+momentum,957,128,1050,191,-0.004493678797430012,-0.011196211098560194,0.012424601623542015,0.0059559987437853845,0.0005579801635029108,0.01196041261422593
all,all rounds,window,talkers,the whole gap between the two: post + pre,elastic net,rules+timing+momentum,957,128,1050,191,-0.007501789071525766,-0.013854712115315884,0.009723798795041053,0.0073700236630585,0.0025105317141962845,0.012953833099849064
all,all rounds,cumulative,talkers,every message so far this game,elastic net,rules+timing+momentum,957,128,1050,191,-0.01465305485749191,-0.025064074851980627,0.00831267700009652,0.0028659586332280274,-0.007443209979296275,0.015922336250279872
all,all rounds,pre,talkers,"this round, before the outcome",random forest,rules+timing+momentum,957,128,1050,191,0.00446874055088764,-0.003380234947347133,0.024099060921265493,0.003445339624852939,-0.0024805584412823517,0.009410015074902354
all,all rounds,post,talkers,"last round, after the outcome",random forest,rules+timing+momentum,957,128,1050,191,-0.0002046571154022958,-0.017565093720176304,0.04209080641938624,0.00912798679943927,0.0017644003776517232,0.016174036507478198
all,all rounds,window,talkers,the whole gap between the two: post + pre,random forest,rules+timing+momentum,957,128,1050,191,0.007197542444166705,-0.011105932393980434,0.05921835129341564,0.006946505228082378,-0.00011972661904254831,0.013312715574353678
all,all rounds,cumulative,talkers,every message so far this game,random forest,rules+timing+momentum,957,128,1050,191,0.018779453862279194,-0.044358764426897,0.22967370180515995,0.019577292115542266,0.0029245479655080455,0.037391423532887345
stage,opening,pre,talkers,"this round, before the outcome",elastic net,rules+timing,151,93,169,123,0.007131702988028676,-0.06395344552477165,0.08852177028938231,0.02260153962508049,-0.07094648998614102,0.0896870643245192
stage,opening,post,talkers,"last round, after the outcome",elastic net,rules+timing,151,93,169,123,0.06353493130323484,-0.03586582235579035,0.15820660693785943,0.053568970000719696,-0.0004890144778041838,0.09833024716582324
stage,opening,window,talkers,the whole gap between the two: post + pre,elastic net,rules+timing,151,93,169,123,0.06569714344995892,-0.055676968966707874,0.18550747962443231,0.008529640167760588,-0.04235389555726348,0.048106345835073894
stage,opening,cumulative,talkers,every message so far this game,elastic net,rules+timing,151,93,169,123,0.17692741295596537,0.035739751139997965,0.3046266844474646,0.1202155148574352,-0.042804797543770604,0.28455360158087895
stage,opening,pre,talkers,"this round, before the outcome",random forest,rules+timing,151,93,169,123,-0.020103322804325696,-0.05558556322766456,0.01313534020650046,-0.011357290056817293,-0.035157219208016816,0.020372723195154836
stage,opening,post,talkers,"last round, after the outcome",random forest,rules+timing,151,93,169,123,0.07596284633310857,-0.026183137482996763,0.16739681527693276,0.0711941419298775,0.0015109671475682905,0.13617963787245968
stage,opening,window,talkers,the whole gap between the two: post + pre,random forest,rules+timing,151,93,169,123,0.0333090726679276,-0.04864324162040145,0.10207535609829171,0.03915639488025291,-0.011133355776795186,0.09813580733322096
stage,opening,cumulative,talkers,every message so far this game,random forest,rules+timing,151,93,169,123,0.08213328845154322,-0.02284162912510021,0.18262579216320454,0.08984428774584008,0.03145185800102807,0.15445658593723527
stage,opening,pre,talkers,"this round, before the outcome",elastic net,rules+timing+momentum,151,93,169,123,0.00020726856917763214,-0.038512945318358374,0.039140137514713146,-0.006320348197190073,-0.04838254439041384,0.03003001275391499
stage,opening,post,talkers,"last round, after the outcome",elastic net,rules+timing+momentum,151,93,169,123,-0.01044623516072063,-0.0664633900109904,0.04300402524182071,0.027581310450294216,-0.0018091317323838782,0.062458215882169224
stage,opening,window,talkers,the whole gap between the two: post + pre,elastic net,rules+timing+momentum,151,93,169,123,0.011570113282910133,-0.03775737851556989,0.0613111472567871,-0.023633879446536943,-0.04738994496622214,0.013493846297560418
stage,opening,cumulative,talkers,every message so far this game,elastic net,rules+timing+momentum,151,93,169,123,0.04461235123627916,-0.011139259450731642,0.09629639298111646,-0.004153217100205331,-0.06318511161880097,0.05624375566315691
stage,opening,pre,talkers,"this round, before the outcome",random forest,rules+timing+momentum,151,93,169,123,-0.004068284616110529,-0.027062124085307036,0.020510393593754065,0.0025340590848227373,-0.014950859397973706,0.02226264897394894
stage,opening,post,talkers,"last round, after the outcome",random forest,rules+timing+momentum,151,93,169,123,0.03777453547772269,-0.049251649838220085,0.11222400121711901,0.0589440274787012,0.016981760016003253,0.10031868931783944
stage,opening,window,talkers,the whole gap between the two: post + pre,random forest,rules+timing+momentum,151,93,169,123,0.01830919634907935,-0.0444428287266112,0.07800354170735788,0.024267630519202443,-0.007562781341167155,0.06141667692691257
stage,opening,cumulative,talkers,every message so far this game,random forest,rules+timing+momentum,151,93,169,123,0.054132665393927915,-0.022890219832703222,0.12222768438633191,0.056353119858445044,0.015984736296913278,0.09808949876025153
stage,middle,pre,talkers,"this round, before the outcome",elastic net,rules+timing,647,103,704,151,0.005191728282538666,-0.052028837722523626,0.07711620196889561,0.009480415836822464,-0.01478113837504246,0.03259697614706398
stage,middle,post,talkers,"last round, after the outcome",elastic net,rules+timing,647,103,704,151,-0.02017259291311424,-0.09789127590492702,0.08303155634763172,0.01449398451815087,-0.03634724825593348,0.06120501667966324
stage,middle,window,talkers,the whole gap between the two: post + pre,elastic net,rules+timing,647,103,704,151,-0.01778410913675743,-0.0783700924690922,0.08562234442532529,0.05662894263187579,0.01449696588523992,0.10892956208447827
stage,middle,cumulative,talkers,every message so far this game,elastic net,rules+timing,647,103,704,151,-0.011825865314874173,-0.16544763774659654,0.4347384427027811,0.12578192164511837,-0.04066032096599882,0.3453060414267604
stage,middle,pre,talkers,"this round, before the outcome",random forest,rules+timing,647,103,704,151,-0.0030162623566458713,-0.026701757572974456,0.006344921268157261,0.03490446112937129,-0.019572132799197582,0.08311622307132104
stage,middle,post,talkers,"last round, after the outcome",random forest,rules+timing,647,103,704,151,-0.01385473155335415,-0.06728301596477892,0.02477154638182597,0.0405124991523278,-0.012593614670775605,0.09055858859821016
stage,middle,window,talkers,the whole gap between the two: post + pre,random forest,rules+timing,647,103,704,151,-0.00957314042116364,-0.07867958359854899,0.009136300133848094,0.04367103684994822,-0.010540520492689493,0.09244300808863078
stage,middle,cumulative,talkers,every message so far this game,random forest,rules+timing,647,103,704,151,-0.09024821336318989,-0.16130174757784488,0.08780408890364491,0.021399939405413737,-0.010152208060756004,0.052291611428173596
stage,middle,pre,talkers,"this round, before the outcome",elastic net,rules+timing+momentum,647,103,704,151,0.0018778715139331492,-0.003632390937315383,0.011169451376117768,-0.0016951988621652925,-0.00869321456291497,0.004747714093730057
stage,middle,post,talkers,"last round, after the outcome",elastic net,rules+timing+momentum,647,103,704,151,0.0033934057420953456,-0.00185086669759639,0.021548719022509672,0.0006798595950844311,-0.0031874265413540212,0.00417462649998288
stage,middle,window,talkers,the whole gap between the two: post + pre,elastic net,rules+timing+momentum,647,103,704,151,0.005707100144831223,0.0010791123716954343,0.020462917090929168,-0.0028404902342974436,-0.008619812404626804,0.0023212897124435497
stage,middle,cumulative,talkers,every message so far this game,elastic net,rules+timing+momentum,647,103,704,151,-0.0024439774582637463,-0.011893070854103002,0.019180251389051127,0.006516257942017156,-0.001074547275301299,0.015839225016050174
stage,middle,pre,talkers,"this round, before the outcome",random forest,rules+timing+momentum,647,103,704,151,0.0251699381873125,0.013713475414966172,0.05752767392543955,0.027057512462516753,0.01851264059480493,0.035515234501892104
stage,middle,post,talkers,"last round, after the outcome",random forest,rules+timing+momentum,647,103,704,151,0.013238002368266888,-0.0014005172322212405,0.06326200390498438,0.02929382605491815,0.020125209278470113,0.03861259729846722
stage,middle,window,talkers,the whole gap between the two: post + pre,random forest,rules+timing+momentum,647,103,704,151,0.008144317069466833,-0.0049186331177596965,0.05110704266553955,0.028058550574718955,0.018839613065036145,0.036686840941453774
stage,middle,cumulative,talkers,every message so far this game,random forest,rules+timing+momentum,647,103,704,151,-0.008361119589559873,-0.08810343929763055,0.2736853557478636,0.030375662776933043,-0.00023748918294278773,0.05693276495435287
stage,endgame,pre,talkers,"this round, before the outcome",elastic net,rules+timing,159,84,177,113,-0.11106315870501282,-0.25284631542698954,-0.03593140346794471,0.04134850372930954,-0.0335213034989128,0.1360617696235654
stage,endgame,post,talkers,"last round, after the outcome",elastic net,rules+timing,159,84,177,113,-0.11949048209484148,-0.2715653245471775,-0.04813712060043669,0.0794094997508139,-0.012962576993251335,0.23024936565659976
stage,endgame,window,talkers,the whole gap between the two: post + pre,elastic net,rules+timing,159,84,177,113,-0.13209805197809832,-0.3056809104442804,-0.016079135130572235,0.08158449588253136,-0.1157667406295858,0.37827042767495606
stage,endgame,cumulative,talkers,every message so far this game,elastic net,rules+timing,159,84,177,113,-0.13459569281039618,-0.33829369873748205,0.007257966508894514,-0.0721174385619523,-0.2900432191304066,0.24530127260926685
stage,endgame,pre,talkers,"this round, before the outcome",random forest,rules+timing,159,84,177,113,-0.034685132180798606,-0.07413246889522186,0.008181226182086809,0.0013057606278316092,-0.03407895332197823,0.0393306450281071
stage,endgame,post,talkers,"last round, after the outcome",random forest,rules+timing,159,84,177,113,-0.0035898143126458226,-0.05688116933957904,0.03596138748284383,0.02147506519205644,-0.029437646249343738,0.0976658959084861
stage,endgame,window,talkers,the whole gap between the two: post + pre,random forest,rules+timing,159,84,177,113,-0.034292460697513905,-0.10245657351838203,0.0004732390106379245,0.021688302588079522,-0.03212720873259364,0.08435376991155934
stage,endgame,cumulative,talkers,every message so far this game,random forest,rules+timing,159,84,177,113,-0.008432562879440386,-0.12239229410517594,0.11549375323506321,-0.09929594543859255,-0.22557690635008748,0.0318240626825569
stage,endgame,pre,talkers,"this round, before the outcome",elastic net,rules+timing+momentum,159,84,177,113,-0.026590181867335527,-0.06286116371180549,0.0038855453022507867,0.032162700354279705,-0.006865841519799442,0.08182984430751268
stage,endgame,post,talkers,"last round, after the outcome",elastic net,rules+timing+momentum,159,84,177,113,-0.018836577778153618,-0.04967096956620512,0.007325636856956645,0.02943468071903299,0.00809362286874037,0.06277042362316698
stage,endgame,window,talkers,the whole gap between the two: post + pre,elastic net,rules+timing+momentum,159,84,177,113,-0.025425229982529274,-0.05872486494140066,0.014782451872779264,0.04326507940916502,0.017254774820808567,0.08528633991519594
stage,endgame,cumulative,talkers,every message so far this game,elastic net,rules+timing+momentum,159,84,177,113,-0.036244809393364386,-0.06253621824024626,0.00909860488750777,0.047546018760272424,0.009415087836111695,0.11061270325473409
stage,endgame,pre,talkers,"this round, before the outcome",random forest,rules+timing+momentum,159,84,177,113,0.004319690980083224,-0.005583464489986531,0.02661164055591975,0.013722798748649123,-0.003483440211068431,0.0365856525222842
stage,endgame,post,talkers,"last round, after the outcome",random forest,rules+timing+momentum,159,84,177,113,0.010723055426973715,-0.007778944722086981,0.03835048323631253,-0.0032727116871920092,-0.033184536012896684,0.03610342306799911
stage,endgame,window,talkers,the whole gap between the two: post + pre,random forest,rules+timing+momentum,159,84,177,113,0.01411794259571475,-0.00396907375464513,0.03378650711182168,0.01873168338848563,-0.010056004634145245,0.04997486318884367
stage,endgame,cumulative,talkers,every message so far this game,random forest,rules+timing+momentum,159,84,177,113,0.017920718974210104,-0.023277839953751798,0.0950292720467673,-0.0499043597325497,-0.11127671368092755,0.014516323849479092
round_bin,round 2,pre,talkers,"this round, before the outcome",elastic net,rules+timing,79,79,85,85,-0.04817887631474904,-0.13459864116117098,0.0270243059591915,-0.03415179211873354,-0.07325778847939551,-0.004599030791239695
round_bin,round 2,post,talkers,"last round, after the outcome",elastic net,rules+timing,79,79,85,85,-0.031229957227055127,-0.08416588469592837,0.006239665268107421,0.0,0.0,0.0
round_bin,round 2,window,talkers,the whole gap between the two: post + pre,elastic net,rules+timing,79,79,85,85,-0.008301064895313237,-0.07490471604967607,0.06444579870998163,-0.09296944386623873,-0.2829783364458221,0.028065254850138926
round_bin,round 2,cumulative,talkers,every message so far this game,elastic net,rules+timing,79,79,85,85,-0.02758402321070763,-0.09069417420950471,0.031587996311217996,0.0,0.0,0.0
round_bin,round 2,pre,talkers,"this round, before the outcome",random forest,rules+timing,79,79,85,85,-0.011474088603258936,-0.03979493269713315,0.013236854474073205,-0.02741836420010757,-0.0603473948765412,0.006808353208429314
round_bin,round 2,post,talkers,"last round, after the outcome",random forest,rules+timing,79,79,85,85,-0.012003492661448734,-0.10704921820507629,0.07848989217125199,0.02612649151937485,-0.033317577660964014,0.08479407928848716
round_bin,round 2,window,talkers,the whole gap between the two: post + pre,random forest,rules+timing,79,79,85,85,-0.00417406977030832,-0.06641978748898975,0.051422192612164415,0.0009488418107165275,-0.04232178014098659,0.0415752627363735
round_bin,round 2,cumulative,talkers,every message so far this game,random forest,rules+timing,79,79,85,85,-0.012956657470925448,-0.09079600612285672,0.05704275376499305,0.023171559996876034,-0.024494129586440195,0.07699121779915032
round_bin,round 2,pre,talkers,"this round, before the outcome",elastic net,rules+timing+momentum,79,79,85,85,-0.15231097226342138,-0.2601952012760971,-0.07055463389496267,-0.0489734034679119,-0.09498906238180563,0.01788573609003998
round_bin,round 2,post,talkers,"last round, after the outcome",elastic net,rules+timing+momentum,79,79,85,85,0.01524088509306698,-0.15835184852804415,0.171343123551991,0.042032562948723595,-0.12349736662143203,0.1736934839975611
round_bin,round 2,window,talkers,the whole gap between the two: post + pre,elastic net,rules+timing+momentum,79,79,85,85,-0.12268649390197328,-0.3025489861496778,0.01485270238931357,-0.03742436628695622,-0.16829885963842228,0.0648541531429574
round_bin,round 2,cumulative,talkers,every message so far this game,elastic net,rules+timing+momentum,79,79,85,85,-0.01351124674795745,-0.15157257690190412,0.10598511378062457,0.016040976931365192,-0.11416202377537585,0.11720365640623083
round_bin,round 2,pre,talkers,"this round, before the outcome",random forest,rules+timing+momentum,79,79,85,85,-0.01901436697734593,-0.043761480879683894,0.003287163269147396,-0.0016745689585335732,-0.028494867562999654,0.028381467248541736
round_bin,round 2,post,talkers,"last round, after the outcome",random forest,rules+timing+momentum,79,79,85,85,-0.009772567592832626,-0.100131834735855,0.07152368312192785,0.018444335769491893,-0.03059027667321097,0.06119787155194886
round_bin,round 2,window,talkers,the whole gap between the two: post + pre,random forest,rules+timing+momentum,79,79,85,85,-0.01758256669752578,-0.07376192645101531,0.03777356494833175,-0.0015975897608109246,-0.03651314359175503,0.028901805042298303
round_bin,round 2,cumulative,talkers,every message so far this game,random forest,rules+timing+momentum,79,79,85,85,0.003945651003777972,-0.07087537336340725,0.06991839307878799,0.021017224951755398,-0.019547634450750577,0.061066583926304034
round_bin,round 3,pre,talkers,"this round, before the outcome",elastic net,rules+timing,80,80,84,84,-0.018080089288394774,-0.090312886203375,0.04546614639868277,0.0,0.0,0.0
round_bin,round 3,post,talkers,"last round, after the outcome",elastic net,rules+timing,80,80,84,84,0.0023636922306453645,-0.04500495913628527,0.06069234960429064,0.0,0.0,0.0
round_bin,round 3,window,talkers,the whole gap between the two: post + pre,elastic net,rules+timing,80,80,84,84,0.08027664999534379,-0.02676113350835514,0.17711732283616766,0.055314702004355065,-0.003819653146701046,0.10883039763333295
round_bin,round 3,cumulative,talkers,every message so far this game,elastic net,rules+timing,80,80,84,84,0.15263874188235083,-0.06660700974523091,0.3247748232469153,0.04997169416318048,-0.11762600340672857,0.18424827914424585
round_bin,round 3,pre,talkers,"this round, before the outcome",random forest,rules+timing,80,80,84,84,-0.015315759420458042,-0.048038757735931095,0.02169265404552862,0.019294486108498266,0.0012073380503326292,0.040255709520618396
round_bin,round 3,post,talkers,"last round, after the outcome",random forest,rules+timing,80,80,84,84,0.0378280589426534,-0.029232629817391127,0.09853707621524098,0.12263449426327855,0.06394088847834596,0.186060146875945
round_bin,round 3,window,talkers,the whole gap between the two: post + pre,random forest,rules+timing,80,80,84,84,0.04234100352512271,-0.04360325317135278,0.10837440683074812,0.0417427617538062,-0.008029340637333304,0.11961812343519285
round_bin,round 3,cumulative,talkers,every message so far this game,random forest,rules+timing,80,80,84,84,0.15238724544131055,0.06454596180411742,0.23600352257165244,0.0,0.0,0.0
round_bin,round 3,pre,talkers,"this round, before the outcome",elastic net,rules+timing+momentum,80,80,84,84,-0.045415929105229846,-0.08554293781318918,0.0016820376690863895,-0.019472744164374944,-0.05839751104455636,0.05207446137298318
round_bin,round 3,post,talkers,"last round, after the outcome",elastic net,rules+timing+momentum,80,80,84,84,-0.06300437273979176,-0.11643119256460331,8.476475266220104e-05,0.013274618492429835,-0.021338957427053478,0.07763477517219085
round_bin,round 3,window,talkers,the whole gap between the two: post + pre,elastic net,rules+timing+momentum,80,80,84,84,-0.019178931130621635,-0.07134587297245833,0.040800128983146985,-0.02006002819583652,-0.07921512250138227,0.08452524325663761
round_bin,round 3,cumulative,talkers,every message so far this game,elastic net,rules+timing+momentum,80,80,84,84,-0.07267327361948417,-0.1499478755083376,0.0015901339460513161,0.0023876448481287005,-0.062036664562537175,0.11652713309250888
round_bin,round 3,pre,talkers,"this round, before the outcome",random forest,rules+timing+momentum,80,80,84,84,0.07498957464423073,0.03414402181990958,0.12010445799958033,0.009223932041052652,-0.005805818997149612,0.02911941097862322
round_bin,round 3,post,talkers,"last round, after the outcome",random forest,rules+timing+momentum,80,80,84,84,0.12736913835384223,0.06328576272162578,0.1930349254377966,0.08124996431295661,0.04625959177623667,0.12191143567399969
round_bin,round 3,window,talkers,the whole gap between the two: post + pre,random forest,rules+timing+momentum,80,80,84,84,0.14445337781424106,0.0783282658100001,0.20771699697269905,0.023032132527248783,-0.014172661389778712,0.07913698972363896
round_bin,round 3,cumulative,talkers,every message so far this game,random forest,rules+timing+momentum,80,80,84,84,0.22049700850815512,0.1494430812584839,0.29179116904653535,0.050670614454767726,-0.0012700288000846208,0.09927840262111123
round_bin,rounds 4-6,pre,talkers,"this round, before the outcome",elastic net,rules+timing,191,94,207,129,-0.06441631403814452,-0.14886289521050125,0.005698443215290792,0.037336148767729505,-0.00695155335146494,0.08919935563512243
round_bin,rounds 4-6,post,talkers,"last round, after the outcome",elastic net,rules+timing,191,94,207,129,0.03638762703870346,-0.030950843707009852,0.12050783346115974,0.02895764298883119,-0.031101964430966973,0.09028153828866453
round_bin,rounds 4-6,window,talkers,the whole gap between the two: post + pre,elastic net,rules+timing,191,94,207,129,0.012140126433557552,-0.05469986308639282,0.07914215297740719,0.020057437036042014,-0.09898267071310374,0.12567225343275507
round_bin,rounds 4-6,cumulative,talkers,every message so far this game,elastic net,rules+timing,191,94,207,129,-0.0837455564105466,-0.1583822586845774,0.013414575053732669,-5.823574049657054e-06,-0.08825924609177428,0.10210501449646464
round_bin,rounds 4-6,pre,talkers,"this round, before the outcome",random forest,rules+timing,191,94,207,129,-0.03719305340457524,-0.07808945607217974,-0.002451388484079503,-0.001759339528161874,-0.028418802782779706,0.02432299572702001
round_bin,rounds 4-6,post,talkers,"last round, after the outcome",random forest,rules+timing,191,94,207,129,-0.029479851147214298,-0.09785481538339187,0.026651908373621754,0.005102494487870257,-0.026756945602244737,0.03574162198214234
round_bin,rounds 4-6,window,talkers,the whole gap between the two: post + pre,random forest,rules+timing,191,94,207,129,0.0007938716196591589,-0.06632188306907635,0.055136226558399636,0.020251274213562098,-0.020871727561995363,0.05514318349360668
round_bin,rounds 4-6,cumulative,talkers,every message so far this game,random forest,rules+timing,191,94,207,129,-0.05291259609007526,-0.14792314776908158,0.03192800652086223,0.016450354813855816,-0.033980163948132976,0.06177132396376271
round_bin,rounds 4-6,pre,talkers,"this round, before the outcome",elastic net,rules+timing+momentum,191,94,207,129,-0.013804266942679555,-0.05746063175015944,0.012874978718986227,-0.0437663506647098,-0.09934702648845302,0.005362984832660145
round_bin,rounds 4-6,post,talkers,"last round, after the outcome",elastic net,rules+timing+momentum,191,94,207,129,-0.004163962919005448,-0.020458849985188148,0.016988929123764658,0.016226081760308264,-0.0018101656936591935,0.03638447237335438
round_bin,rounds 4-6,window,talkers,the whole gap between the two: post + pre,elastic net,rules+timing+momentum,191,94,207,129,-0.008491533253996542,-0.028941200756186985,0.014962197676853336,0.019087094530218618,0.0020531642567013677,0.03736312514979845
round_bin,rounds 4-6,cumulative,talkers,every message so far this game,elastic net,rules+timing+momentum,191,94,207,129,-0.020989390494681626,-0.05234587551999209,0.011133782521520214,0.012280673451345425,-0.009200312264654157,0.03394558195748327
round_bin,rounds 4-6,pre,talkers,"this round, before the outcome",random forest,rules+timing+momentum,191,94,207,129,-0.007997986020500614,-0.024018536071571388,0.01395890301869656,0.016407166484575297,0.0020563705599929566,0.03449422703983261
round_bin,rounds 4-6,post,talkers,"last round, after the outcome",random forest,rules+timing+momentum,191,94,207,129,0.0035169643895214264,-0.021170385834926236,0.03435958463854091,0.03256977850129361,0.015134712032430329,0.05287429045602407
round_bin,rounds 4-6,window,talkers,the whole gap between the two: post + pre,random forest,rules+timing+momentum,191,94,207,129,-0.003248247510022395,-0.029494906040877,0.032984279887119085,0.03463675134090838,0.015879024152900316,0.05197416520312137
round_bin,rounds 4-6,cumulative,talkers,every message so far this game,random forest,rules+timing+momentum,191,94,207,129,-0.04724082333921098,-0.09755270048566675,0.009409870557049982,0.021316737769100813,-0.005260701666322559,0.045296322930100046
round_bin,rounds 7-10,pre,talkers,"this round, before the outcome",elastic net,rules+timing,185,82,216,102,-0.07430510094284115,-0.14637032512491407,0.04733863962811946,0.16483848288830405,0.06940564087577285,0.30656412002813277
round_bin,rounds 7-10,post,talkers,"last round, after the outcome",elastic net,rules+timing,185,82,216,102,-0.07322991634944709,-0.16276504834283942,0.09239412876535301,0.14779791705533607,0.043912300667039536,0.30832572318824697
round_bin,rounds 7-10,window,talkers,the whole gap between the two: post + pre,elastic net,rules+timing,185,82,216,102,-0.05867766308507727,-0.1857611729522398,0.12678591461926475,0.08241453025639833,-0.0575288370954275,0.22742988307405157
round_bin,rounds 7-10,cumulative,talkers,every message so far this game,elastic net,rules+timing,185,82,216,102,-0.2428051334201956,-0.45000085487898944,-0.0621240086114322,0.2180245447293523,0.016007163922354878,0.5411292490767935
round_bin,rounds 7-10,pre,talkers,"this round, before the outcome",random forest,rules+timing,185,82,216,102,-0.024113902321876157,-0.06488767816901411,0.01723283650496679,0.01605594602681959,-0.009650601066923864,0.04549915003409706
round_bin,rounds 7-10,post,talkers,"last round, after the outcome",random forest,rules+timing,185,82,216,102,-0.0152409776951683,-0.047828257934454846,0.03936758052679552,0.019607821422836236,-0.016253379202289087,0.05705102400664385
round_bin,rounds 7-10,window,talkers,the whole gap between the two: post + pre,random forest,rules+timing,185,82,216,102,-0.03279120627261234,-0.07001585472986793,0.023935245633080093,0.04435904384339029,-0.013199432079990248,0.091687939449835
round_bin,rounds 7-10,cumulative,talkers,every message so far this game,random forest,rules+timing,185,82,216,102,-0.09054545414659598,-0.17224984723164133,0.004689949605928194,0.04730930515909115,-0.04112318411829907,0.14838274929308995
round_bin,rounds 7-10,pre,talkers,"this round, before the outcome",elastic net,rules+timing+momentum,185,82,216,102,-0.026676186897081178,-0.06941549716833362,0.0242509551677913,0.0375054870759719,0.01005118689656464,0.07926199481710068
round_bin,rounds 7-10,post,talkers,"last round, after the outcome",elastic net,rules+timing+momentum,185,82,216,102,-0.03341221644536341,-0.07758311465148612,0.013183821445511987,0.03752812464370514,0.010632160946070153,0.07694399382460067
round_bin,rounds 7-10,window,talkers,the whole gap between the two: post + pre,elastic net,rules+timing+momentum,185,82,216,102,-0.05201792318552001,-0.11002654556064298,-0.005567459722053044,0.0319077162857484,0.00211450871168451,0.07551110995573079
round_bin,rounds 7-10,cumulative,talkers,every message so far this game,elastic net,rules+timing+momentum,185,82,216,102,-0.03815294026089944,-0.07940477804229239,0.01041323967397331,0.006726090428883724,-0.01990979438957382,0.04273440495741775
round_bin,rounds 7-10,pre,talkers,"this round, before the outcome",random forest,rules+timing+momentum,185,82,216,102,-0.006410905433158809,-0.023050089559316575,0.008277484849302514,0.036211746517792354,0.017742442546036224,0.06163161277221172
round_bin,rounds 7-10,post,talkers,"last round, after the outcome",random forest,rules+timing+momentum,185,82,216,102,0.0004958672588998292,-0.02259706100774039,0.03663385613918115,0.02595559272410697,0.002647598583770458,0.05133750098159478
round_bin,rounds 7-10,window,talkers,the whole gap between the two: post + pre,random forest,rules+timing+momentum,185,82,216,102,-0.005634793260953619,-0.028752193156118613,0.02866917270426155,0.03768489164850919,0.01015400963326644,0.0633498096345403
round_bin,rounds 7-10,cumulative,talkers,every message so far this game,random forest,rules+timing+momentum,185,82,216,102,-0.03135012192955822,-0.070055159714829,0.03462264548953287,0.028599105603556718,-0.009526527174603106,0.07631805905654361
round_bin,rounds 11+,pre,talkers,"this round, before the outcome",elastic net,rules+timing,422,79,458,118,0.0009554073833939469,-0.010944910731090473,0.019257921715115416,0.0,0.0,0.0
round_bin,rounds 11+,post,talkers,"last round, after the outcome",elastic net,rules+timing,422,79,458,118,0.07406082155764282,-0.016316882611234103,0.6987841751850333,0.0,0.0,0.0
round_bin,rounds 11+,window,talkers,the whole gap between the two: post + pre,elastic net,rules+timing,422,79,458,118,0.08265187188794143,-0.03503612310480142,0.7572930303466939,0.0,0.0,0.0
round_bin,rounds 11+,cumulative,talkers,every message so far this game,elastic net,rules+timing,422,79,458,118,0.09183301530254862,-0.35681618855876607,1.199527310133505,0.0,0.0,0.0
round_bin,rounds 11+,pre,talkers,"this round, before the outcome",random forest,rules+timing,422,79,458,118,0.03572893387896925,0.010708530883580208,0.08772569641279275,0.0,0.0,0.0
round_bin,rounds 11+,post,talkers,"last round, after the outcome",random forest,rules+timing,422,79,458,118,0.0013549088769828632,-0.014823561325581418,0.0809220160471168,0.0,0.0,0.0
round_bin,rounds 11+,window,talkers,the whole gap between the two: post + pre,random forest,rules+timing,422,79,458,118,0.013336236977545823,-0.021255649867583132,0.06618942277193204,0.0,0.0,0.0
round_bin,rounds 11+,cumulative,talkers,every message so far this game,random forest,rules+timing,422,79,458,118,-0.09474250785777594,-0.3338669453306893,0.006234895153868527,-0.020288636905544166,-0.12270562701706852,0.07976609377048774
round_bin,rounds 11+,pre,talkers,"this round, before the outcome",elastic net,rules+timing+momentum,422,79,458,118,0.0006111542979382323,-0.00624383940731135,0.015335977007226382,-0.00378753866003112,-0.014581795010770383,0.006467483858545162
round_bin,rounds 11+,post,talkers,"last round, after the outcome",elastic net,rules+timing+momentum,422,79,458,118,-0.0008432841327866702,-0.010660546001633778,0.011791818060067275,0.001675075390683456,-0.0034852063395245407,0.006625930918185981
round_bin,rounds 11+,window,talkers,the whole gap between the two: post + pre,elastic net,rules+timing+momentum,422,79,458,118,-0.004257074331302735,-0.009105765307403129,0.021341864692208147,-0.010953203796985611,-0.02274624684761397,-0.0006421254286562705
round_bin,rounds 11+,cumulative,talkers,every message so far this game,elastic net,rules+timing+momentum,422,79,458,118,-0.010041705897192443,-0.01863511273308567,0.03224833854030043,0.0084856464857328,-0.0021835004375762687,0.021979064629174344
round_bin,rounds 11+,pre,talkers,"this round, before the outcome",random forest,rules+timing+momentum,422,79,458,118,0.09589264658435226,0.028188969658284775,0.15815564663256648,0.013386754692229275,-3.271146489276778e-05,0.02361874090824119
round_bin,rounds 11+,post,talkers,"last round, after the outcome",random forest,rules+timing+momentum,422,79,458,118,0.08642788207982055,0.024792145632176084,0.194006014772474,0.015508708833187113,-0.0029170929590850076,0.03006871607947752
round_bin,rounds 11+,window,talkers,the whole gap between the two: post + pre,random forest,rules+timing+momentum,422,79,458,118,0.09297040302798787,0.03104996631349208,0.1846720976585417,0.017835417087324057,-0.0018077286358857078,0.03202682216787257
round_bin,rounds 11+,cumulative,talkers,every message so far this game,random forest,rules+timing+momentum,422,79,458,118,0.10114873498366184,-0.08105239978489538,0.4645672774355731,-0.1391597345962543,-0.2213573342547943,-0.050165115954640675
